primary_group	geo_accession	title	sex	cell_type	tissue	Sentrix_Position	Sentrix_ID	supplementary_file	supplementary_file.1
Astrocytes	GSM9195115	Astrocytes_healthy_20130400	Female	Astrocytes	Brain (Cingulate Gyrus)	R05C01	205854150033	ftp://ftp.ncbi.nlm.nih.gov/geo/samples/GSM9195nnn/GSM9195115/suppl/GSM9195115_205854150033_R05C01_Grn.idat.gz	ftp://ftp.ncbi.nlm.nih.gov/geo/samples/GSM9195nnn/GSM9195115/suppl/GSM9195115_205854150033_R05C01_Red.idat.gz
Astrocytes	GSM9195119	Astrocytes_healthy_PDC091	Male	Astrocytes	Brain (Cingulate Gyrus)	R02C01	206154080074	ftp://ftp.ncbi.nlm.nih.gov/geo/samples/GSM9195nnn/GSM9195119/suppl/GSM9195119_206154080074_R02C01_Grn.idat.gz	ftp://ftp.ncbi.nlm.nih.gov/geo/samples/GSM9195nnn/GSM9195119/suppl/GSM9195119_206154080074_R02C01_Red.idat.gz
Astrocytes	GSM9195123	Astrocytes_healthy_20174918	Female	Astrocytes	Brain (Cingulate Gyrus)	R04C01	206154080123	ftp://ftp.ncbi.nlm.nih.gov/geo/samples/GSM9195nnn/GSM9195123/suppl/GSM9195123_206154080123_R04C01_Grn.idat.gz	ftp://ftp.ncbi.nlm.nih.gov/geo/samples/GSM9195nnn/GSM9195123/suppl/GSM9195123_206154080123_R04C01_Red.idat.gz
Astrocytes	GSM9195127	Astrocytes_healthy_20140411	Male	Astrocytes	Brain (Cingulate Gyrus)	R05C01	206154250020	ftp://ftp.ncbi.nlm.nih.gov/geo/samples/GSM9195nnn/GSM9195127/suppl/GSM9195127_206154250020_R05C01_Grn.idat.gz	ftp://ftp.ncbi.nlm.nih.gov/geo/samples/GSM9195nnn/GSM9195127/suppl/GSM9195127_206154250020_R05C01_Red.idat.gz
Astrocytes	GSM9195131	Astrocytes_healthy_20110891	Male	Astrocytes	Brain (Cingulate Gyrus)	R06C01	206154250078	ftp://ftp.ncbi.nlm.nih.gov/geo/samples/GSM9195nnn/GSM9195131/suppl/GSM9195131_206154250078_R06C01_Grn.idat.gz	ftp://ftp.ncbi.nlm.nih.gov/geo/samples/GSM9195nnn/GSM9195131/suppl/GSM9195131_206154250078_R06C01_Red.idat.gz
Astrocytes	GSM9195134	Astrocytes_healthy_PDC128	Female	Astrocytes	Brain (Cingulate Gyrus)	R03C01	206154250088	ftp://ftp.ncbi.nlm.nih.gov/geo/samples/GSM9195nnn/GSM9195134/suppl/GSM9195134_206154250088_R03C01_Grn.idat.gz	ftp://ftp.ncbi.nlm.nih.gov/geo/samples/GSM9195nnn/GSM9195134/suppl/GSM9195134_206154250088_R03C01_Red.idat.gz
Astrocytes	GSM9195138	Astrocytes_healthy_20163918	Female	Astrocytes	Brain (Cingulate Gyrus)	R02C01	206154250090	ftp://ftp.ncbi.nlm.nih.gov/geo/samples/GSM9195nnn/GSM9195138/suppl/GSM9195138_206154250090_R02C01_Grn.idat.gz	ftp://ftp.ncbi.nlm.nih.gov/geo/samples/GSM9195nnn/GSM9195138/suppl/GSM9195138_206154250090_R02C01_Red.idat.gz
Astrocytes	GSM9195143	Astrocytes_healthy_20131187	Male	Astrocytes	Brain (Cingulate Gyrus)	R05C01	206154250093	ftp://ftp.ncbi.nlm.nih.gov/geo/samples/GSM9195nnn/GSM9195143/suppl/GSM9195143_206154250093_R05C01_Grn.idat.gz	ftp://ftp.ncbi.nlm.nih.gov/geo/samples/GSM9195nnn/GSM9195143/suppl/GSM9195143_206154250093_R05C01_Red.idat.gz
Astrocytes	GSM9195148	Astrocytes_healthy_20141901	Female	Astrocytes	Brain (Cingulate Gyrus)	R05C01	206513950089	ftp://ftp.ncbi.nlm.nih.gov/geo/samples/GSM9195nnn/GSM9195148/suppl/GSM9195148_206513950089_R05C01_Grn.idat.gz	ftp://ftp.ncbi.nlm.nih.gov/geo/samples/GSM9195nnn/GSM9195148/suppl/GSM9195148_206513950089_R05C01_Red.idat.gz
Astrocytes	GSM9195151	Astrocytes_healthy_CO75	Male	Astrocytes	Brain (Cingulate Gyrus)	R06C01	206513950140	ftp://ftp.ncbi.nlm.nih.gov/geo/samples/GSM9195nnn/GSM9195151/suppl/GSM9195151_206513950140_R06C01_Grn.idat.gz	ftp://ftp.ncbi.nlm.nih.gov/geo/samples/GSM9195nnn/GSM9195151/suppl/GSM9195151_206513950140_R06C01_Red.idat.gz
Astrocytes	GSM9195154	Astrocytes_healthy_PDC040	Female	Astrocytes	Brain (Cingulate Gyrus)	R03C01	206513950147	ftp://ftp.ncbi.nlm.nih.gov/geo/samples/GSM9195nnn/GSM9195154/suppl/GSM9195154_206513950147_R03C01_Grn.idat.gz	ftp://ftp.ncbi.nlm.nih.gov/geo/samples/GSM9195nnn/GSM9195154/suppl/GSM9195154_206513950147_R03C01_Red.idat.gz
Astrocytes	GSM9195157	Astrocytes_healthy_20163903	Female	Astrocytes	Brain (Cingulate Gyrus)	R03C01	206513950150	ftp://ftp.ncbi.nlm.nih.gov/geo/samples/GSM9195nnn/GSM9195157/suppl/GSM9195157_206513950150_R03C01_Grn.idat.gz	ftp://ftp.ncbi.nlm.nih.gov/geo/samples/GSM9195nnn/GSM9195157/suppl/GSM9195157_206513950150_R03C01_Red.idat.gz
Astrocytes	GSM9195163	Astrocytes_healthy_20174936	Male	Astrocytes	Brain (Cingulate Gyrus)	R06C01	206513950168	ftp://ftp.ncbi.nlm.nih.gov/geo/samples/GSM9195nnn/GSM9195163/suppl/GSM9195163_206513950168_R06C01_Grn.idat.gz	ftp://ftp.ncbi.nlm.nih.gov/geo/samples/GSM9195nnn/GSM9195163/suppl/GSM9195163_206513950168_R06C01_Red.idat.gz
Astrocytes	GSM9195165	Astrocytes_healthy_20174903	Male	Astrocytes	Brain (Cingulate Gyrus)	R01C01	206513950169	ftp://ftp.ncbi.nlm.nih.gov/geo/samples/GSM9195nnn/GSM9195165/suppl/GSM9195165_206513950169_R01C01_Grn.idat.gz	ftp://ftp.ncbi.nlm.nih.gov/geo/samples/GSM9195nnn/GSM9195165/suppl/GSM9195165_206513950169_R01C01_Red.idat.gz
Astrocytes	GSM9195170	Astrocytes_healthy_20150242	Female	Astrocytes	Brain (Cingulate Gyrus)	R04C01	206513950170	ftp://ftp.ncbi.nlm.nih.gov/geo/samples/GSM9195nnn/GSM9195170/suppl/GSM9195170_206513950170_R04C01_Grn.idat.gz	ftp://ftp.ncbi.nlm.nih.gov/geo/samples/GSM9195nnn/GSM9195170/suppl/GSM9195170_206513950170_R04C01_Red.idat.gz
Astrocytes	GSM9195175	Astrocytes_healthy_20160475	Male	Astrocytes	Brain (Cingulate Gyrus)	R04C01	206513950184	ftp://ftp.ncbi.nlm.nih.gov/geo/samples/GSM9195nnn/GSM9195175/suppl/GSM9195175_206513950184_R04C01_Grn.idat.gz	ftp://ftp.ncbi.nlm.nih.gov/geo/samples/GSM9195nnn/GSM9195175/suppl/GSM9195175_206513950184_R04C01_Red.idat.gz
Astrocytes	GSM9195178	Astrocytes_healthy_PDC107	Female	Astrocytes	Brain (Cingulate Gyrus)	R04C01	206513950186	ftp://ftp.ncbi.nlm.nih.gov/geo/samples/GSM9195nnn/GSM9195178/suppl/GSM9195178_206513950186_R04C01_Grn.idat.gz	ftp://ftp.ncbi.nlm.nih.gov/geo/samples/GSM9195nnn/GSM9195178/suppl/GSM9195178_206513950186_R04C01_Red.idat.gz
Astrocytes	GSM9195184	Astrocytes_healthy_20100742	Male	Astrocytes	Brain (Cingulate Gyrus)	R05C01	206513950194	ftp://ftp.ncbi.nlm.nih.gov/geo/samples/GSM9195nnn/GSM9195184/suppl/GSM9195184_206513950194_R05C01_Grn.idat.gz	ftp://ftp.ncbi.nlm.nih.gov/geo/samples/GSM9195nnn/GSM9195184/suppl/GSM9195184_206513950194_R05C01_Red.idat.gz
Astrocytes	GSM9195188	Astrocytes_healthy_20196910	Male	Astrocytes	Brain (Cingulate Gyrus)	R07C01	206513950198	ftp://ftp.ncbi.nlm.nih.gov/geo/samples/GSM9195nnn/GSM9195188/suppl/GSM9195188_206513950198_R07C01_Grn.idat.gz	ftp://ftp.ncbi.nlm.nih.gov/geo/samples/GSM9195nnn/GSM9195188/suppl/GSM9195188_206513950198_R07C01_Red.idat.gz
Microglia	GSM9195116	Microglia_healthy_20130400	Female	Microglia	Brain (Cingulate Gyrus)	R06C01	205854150033	ftp://ftp.ncbi.nlm.nih.gov/geo/samples/GSM9195nnn/GSM9195116/suppl/GSM9195116_205854150033_R06C01_Grn.idat.gz	ftp://ftp.ncbi.nlm.nih.gov/geo/samples/GSM9195nnn/GSM9195116/suppl/GSM9195116_205854150033_R06C01_Red.idat.gz
Microglia	GSM9195121	Microglia_healthy_PDC091	Male	Microglia	Brain (Cingulate Gyrus)	R08C01	206154080074	ftp://ftp.ncbi.nlm.nih.gov/geo/samples/GSM9195nnn/GSM9195121/suppl/GSM9195121_206154080074_R08C01_Grn.idat.gz	ftp://ftp.ncbi.nlm.nih.gov/geo/samples/GSM9195nnn/GSM9195121/suppl/GSM9195121_206154080074_R08C01_Red.idat.gz
Microglia	GSM9195122	Microglia_healthy_20174918	Female	Microglia	Brain (Cingulate Gyrus)	R02C01	206154080123	ftp://ftp.ncbi.nlm.nih.gov/geo/samples/GSM9195nnn/GSM9195122/suppl/GSM9195122_206154080123_R02C01_Grn.idat.gz	ftp://ftp.ncbi.nlm.nih.gov/geo/samples/GSM9195nnn/GSM9195122/suppl/GSM9195122_206154080123_R02C01_Red.idat.gz
Microglia	GSM9195129	Microglia_healthy_20110891	Male	Microglia	Brain (Cingulate Gyrus)	R03C01	206154250078	ftp://ftp.ncbi.nlm.nih.gov/geo/samples/GSM9195nnn/GSM9195129/suppl/GSM9195129_206154250078_R03C01_Grn.idat.gz	ftp://ftp.ncbi.nlm.nih.gov/geo/samples/GSM9195nnn/GSM9195129/suppl/GSM9195129_206154250078_R03C01_Red.idat.gz
Microglia	GSM9195135	Microglia_healthy_PDC128	Female	Microglia	Brain (Cingulate Gyrus)	R04C01	206154250088	ftp://ftp.ncbi.nlm.nih.gov/geo/samples/GSM9195nnn/GSM9195135/suppl/GSM9195135_206154250088_R04C01_Grn.idat.gz	ftp://ftp.ncbi.nlm.nih.gov/geo/samples/GSM9195nnn/GSM9195135/suppl/GSM9195135_206154250088_R04C01_Red.idat.gz
Microglia	GSM9195137	Microglia_healthy_20163918	Female	Microglia	Brain (Cingulate Gyrus)	R01C01	206154250090	ftp://ftp.ncbi.nlm.nih.gov/geo/samples/GSM9195nnn/GSM9195137/suppl/GSM9195137_206154250090_R01C01_Grn.idat.gz	ftp://ftp.ncbi.nlm.nih.gov/geo/samples/GSM9195nnn/GSM9195137/suppl/GSM9195137_206154250090_R01C01_Red.idat.gz
Microglia	GSM9195144	Microglia_healthy_20131187	Male	Microglia	Brain (Cingulate Gyrus)	R07C01	206154250093	ftp://ftp.ncbi.nlm.nih.gov/geo/samples/GSM9195nnn/GSM9195144/suppl/GSM9195144_206154250093_R07C01_Grn.idat.gz	ftp://ftp.ncbi.nlm.nih.gov/geo/samples/GSM9195nnn/GSM9195144/suppl/GSM9195144_206154250093_R07C01_Red.idat.gz
Microglia	GSM9195145	Microglia_healthy_20141901	Female	Microglia	Brain (Cingulate Gyrus)	R01C01	206513950089	ftp://ftp.ncbi.nlm.nih.gov/geo/samples/GSM9195nnn/GSM9195145/suppl/GSM9195145_206513950089_R01C01_Grn.idat.gz	ftp://ftp.ncbi.nlm.nih.gov/geo/samples/GSM9195nnn/GSM9195145/suppl/GSM9195145_206513950089_R01C01_Red.idat.gz
Microglia	GSM9195152	Microglia_healthy_CO75	Male	Microglia	Brain (Cingulate Gyrus)	R08C01	206513950140	ftp://ftp.ncbi.nlm.nih.gov/geo/samples/GSM9195nnn/GSM9195152/suppl/GSM9195152_206513950140_R08C01_Grn.idat.gz	ftp://ftp.ncbi.nlm.nih.gov/geo/samples/GSM9195nnn/GSM9195152/suppl/GSM9195152_206513950140_R08C01_Red.idat.gz
Microglia	GSM9195155	Microglia_healthy_PDC040	Female	Microglia	Brain (Cingulate Gyrus)	R07C01	206513950147	ftp://ftp.ncbi.nlm.nih.gov/geo/samples/GSM9195nnn/GSM9195155/suppl/GSM9195155_206513950147_R07C01_Grn.idat.gz	ftp://ftp.ncbi.nlm.nih.gov/geo/samples/GSM9195nnn/GSM9195155/suppl/GSM9195155_206513950147_R07C01_Red.idat.gz
Microglia	GSM9195160	Microglia_healthy_20163903	Female	Microglia	Brain (Cingulate Gyrus)	R07C01	206513950150	ftp://ftp.ncbi.nlm.nih.gov/geo/samples/GSM9195nnn/GSM9195160/suppl/GSM9195160_206513950150_R07C01_Grn.idat.gz	ftp://ftp.ncbi.nlm.nih.gov/geo/samples/GSM9195nnn/GSM9195160/suppl/GSM9195160_206513950150_R07C01_Red.idat.gz
Microglia	GSM9195164	Microglia_healthy_20174936	Male	Microglia	Brain (Cingulate Gyrus)	R07C01	206513950168	ftp://ftp.ncbi.nlm.nih.gov/geo/samples/GSM9195nnn/GSM9195164/suppl/GSM9195164_206513950168_R07C01_Grn.idat.gz	ftp://ftp.ncbi.nlm.nih.gov/geo/samples/GSM9195nnn/GSM9195164/suppl/GSM9195164_206513950168_R07C01_Red.idat.gz
Microglia	GSM9195168	Microglia_healthy_20174903	Male	Microglia	Brain (Cingulate Gyrus)	R06C01	206513950169	ftp://ftp.ncbi.nlm.nih.gov/geo/samples/GSM9195nnn/GSM9195168/suppl/GSM9195168_206513950169_R06C01_Grn.idat.gz	ftp://ftp.ncbi.nlm.nih.gov/geo/samples/GSM9195nnn/GSM9195168/suppl/GSM9195168_206513950169_R06C01_Red.idat.gz
Microglia	GSM9195169	Microglia_healthy_20150242	Female	Microglia	Brain (Cingulate Gyrus)	R03C01	206513950170	ftp://ftp.ncbi.nlm.nih.gov/geo/samples/GSM9195nnn/GSM9195169/suppl/GSM9195169_206513950170_R03C01_Grn.idat.gz	ftp://ftp.ncbi.nlm.nih.gov/geo/samples/GSM9195nnn/GSM9195169/suppl/GSM9195169_206513950170_R03C01_Red.idat.gz
Microglia	GSM9195174	Microglia_healthy_20160475	Male	Microglia	Brain (Cingulate Gyrus)	R02C01	206513950184	ftp://ftp.ncbi.nlm.nih.gov/geo/samples/GSM9195nnn/GSM9195174/suppl/GSM9195174_206513950184_R02C01_Grn.idat.gz	ftp://ftp.ncbi.nlm.nih.gov/geo/samples/GSM9195nnn/GSM9195174/suppl/GSM9195174_206513950184_R02C01_Red.idat.gz
Microglia	GSM9195179	Microglia_healthy_PDC107	Female	Microglia	Brain (Cingulate Gyrus)	R07C01	206513950186	ftp://ftp.ncbi.nlm.nih.gov/geo/samples/GSM9195nnn/GSM9195179/suppl/GSM9195179_206513950186_R07C01_Grn.idat.gz	ftp://ftp.ncbi.nlm.nih.gov/geo/samples/GSM9195nnn/GSM9195179/suppl/GSM9195179_206513950186_R07C01_Red.idat.gz
Microglia	GSM9195182	Microglia_healthy_20100742	Male	Microglia	Brain (Cingulate Gyrus)	R03C01	206513950194	ftp://ftp.ncbi.nlm.nih.gov/geo/samples/GSM9195nnn/GSM9195182/suppl/GSM9195182_206513950194_R03C01_Grn.idat.gz	ftp://ftp.ncbi.nlm.nih.gov/geo/samples/GSM9195nnn/GSM9195182/suppl/GSM9195182_206513950194_R03C01_Red.idat.gz
Microglia	GSM9195187	Microglia_healthy_20196910	Male	Microglia	Brain (Cingulate Gyrus)	R04C01	206513950198	ftp://ftp.ncbi.nlm.nih.gov/geo/samples/GSM9195nnn/GSM9195187/suppl/GSM9195187_206513950198_R04C01_Grn.idat.gz	ftp://ftp.ncbi.nlm.nih.gov/geo/samples/GSM9195nnn/GSM9195187/suppl/GSM9195187_206513950198_R04C01_Red.idat.gz
Neurons	GSM9195117	Neurons_healthy_20130400	Female	Neurons	Brain (Cingulate Gyrus)	R07C01	205854150033	ftp://ftp.ncbi.nlm.nih.gov/geo/samples/GSM9195nnn/GSM9195117/suppl/GSM9195117_205854150033_R07C01_Grn.idat.gz	ftp://ftp.ncbi.nlm.nih.gov/geo/samples/GSM9195nnn/GSM9195117/suppl/GSM9195117_205854150033_R07C01_Red.idat.gz
Neurons	GSM9195120	Neurons_healthy_PDC091	Male	Neurons	Brain (Cingulate Gyrus)	R06C01	206154080074	ftp://ftp.ncbi.nlm.nih.gov/geo/samples/GSM9195nnn/GSM9195120/suppl/GSM9195120_206154080074_R06C01_Grn.idat.gz	ftp://ftp.ncbi.nlm.nih.gov/geo/samples/GSM9195nnn/GSM9195120/suppl/GSM9195120_206154080074_R06C01_Red.idat.gz
Neurons	GSM9195125	Neurons_healthy_20174918	Female	Neurons	Brain (Cingulate Gyrus)	R08C01	206154080123	ftp://ftp.ncbi.nlm.nih.gov/geo/samples/GSM9195nnn/GSM9195125/suppl/GSM9195125_206154080123_R08C01_Grn.idat.gz	ftp://ftp.ncbi.nlm.nih.gov/geo/samples/GSM9195nnn/GSM9195125/suppl/GSM9195125_206154080123_R08C01_Red.idat.gz
Neurons	GSM9195126	Neurons_healthy_20140411	Male	Neurons	Brain (Cingulate Gyrus)	R03C01	206154250020	ftp://ftp.ncbi.nlm.nih.gov/geo/samples/GSM9195nnn/GSM9195126/suppl/GSM9195126_206154250020_R03C01_Grn.idat.gz	ftp://ftp.ncbi.nlm.nih.gov/geo/samples/GSM9195nnn/GSM9195126/suppl/GSM9195126_206154250020_R03C01_Red.idat.gz
Neurons	GSM9195132	Neurons_healthy_20110891	Male	Neurons	Brain (Cingulate Gyrus)	R07C01	206154250078	ftp://ftp.ncbi.nlm.nih.gov/geo/samples/GSM9195nnn/GSM9195132/suppl/GSM9195132_206154250078_R07C01_Grn.idat.gz	ftp://ftp.ncbi.nlm.nih.gov/geo/samples/GSM9195nnn/GSM9195132/suppl/GSM9195132_206154250078_R07C01_Red.idat.gz
Neurons	GSM9195136	Neurons_healthy_PDC128	Female	Neurons	Brain (Cingulate Gyrus)	R06C01	206154250088	ftp://ftp.ncbi.nlm.nih.gov/geo/samples/GSM9195nnn/GSM9195136/suppl/GSM9195136_206154250088_R06C01_Grn.idat.gz	ftp://ftp.ncbi.nlm.nih.gov/geo/samples/GSM9195nnn/GSM9195136/suppl/GSM9195136_206154250088_R06C01_Red.idat.gz
Neurons	GSM9195139	Neurons_healthy_20163918	Female	Neurons	Brain (Cingulate Gyrus)	R04C01	206154250090	ftp://ftp.ncbi.nlm.nih.gov/geo/samples/GSM9195nnn/GSM9195139/suppl/GSM9195139_206154250090_R04C01_Grn.idat.gz	ftp://ftp.ncbi.nlm.nih.gov/geo/samples/GSM9195nnn/GSM9195139/suppl/GSM9195139_206154250090_R04C01_Red.idat.gz
Neurons	GSM9195141	Neurons_healthy_20131187	Male	Neurons	Brain (Cingulate Gyrus)	R03C01	206154250093	ftp://ftp.ncbi.nlm.nih.gov/geo/samples/GSM9195nnn/GSM9195141/suppl/GSM9195141_206154250093_R03C01_Grn.idat.gz	ftp://ftp.ncbi.nlm.nih.gov/geo/samples/GSM9195nnn/GSM9195141/suppl/GSM9195141_206154250093_R03C01_Red.idat.gz
Neurons	GSM9195147	Neurons_healthy_20141901	Female	Neurons	Brain (Cingulate Gyrus)	R04C01	206513950089	ftp://ftp.ncbi.nlm.nih.gov/geo/samples/GSM9195nnn/GSM9195147/suppl/GSM9195147_206513950089_R04C01_Grn.idat.gz	ftp://ftp.ncbi.nlm.nih.gov/geo/samples/GSM9195nnn/GSM9195147/suppl/GSM9195147_206513950089_R04C01_Red.idat.gz
Neurons	GSM9195149	Neurons_healthy_CO75	Male	Neurons	Brain (Cingulate Gyrus)	R02C01	206513950140	ftp://ftp.ncbi.nlm.nih.gov/geo/samples/GSM9195nnn/GSM9195149/suppl/GSM9195149_206513950140_R02C01_Grn.idat.gz	ftp://ftp.ncbi.nlm.nih.gov/geo/samples/GSM9195nnn/GSM9195149/suppl/GSM9195149_206513950140_R02C01_Red.idat.gz
Neurons	GSM9195153	Neurons_healthy_PDC040	Female	Neurons	Brain (Cingulate Gyrus)	R01C01	206513950147	ftp://ftp.ncbi.nlm.nih.gov/geo/samples/GSM9195nnn/GSM9195153/suppl/GSM9195153_206513950147_R01C01_Grn.idat.gz	ftp://ftp.ncbi.nlm.nih.gov/geo/samples/GSM9195nnn/GSM9195153/suppl/GSM9195153_206513950147_R01C01_Red.idat.gz
Neurons	GSM9195158	Neurons_healthy_20163903	Female	Neurons	Brain (Cingulate Gyrus)	R04C01	206513950150	ftp://ftp.ncbi.nlm.nih.gov/geo/samples/GSM9195nnn/GSM9195158/suppl/GSM9195158_206513950150_R04C01_Grn.idat.gz	ftp://ftp.ncbi.nlm.nih.gov/geo/samples/GSM9195nnn/GSM9195158/suppl/GSM9195158_206513950150_R04C01_Red.idat.gz
Neurons	GSM9195162	Neurons_healthy_20174936	Male	Neurons	Brain (Cingulate Gyrus)	R05C01	206513950168	ftp://ftp.ncbi.nlm.nih.gov/geo/samples/GSM9195nnn/GSM9195162/suppl/GSM9195162_206513950168_R05C01_Grn.idat.gz	ftp://ftp.ncbi.nlm.nih.gov/geo/samples/GSM9195nnn/GSM9195162/suppl/GSM9195162_206513950168_R05C01_Red.idat.gz
Neurons	GSM9195166	Neurons_healthy_20174903	Male	Neurons	Brain (Cingulate Gyrus)	R02C01	206513950169	ftp://ftp.ncbi.nlm.nih.gov/geo/samples/GSM9195nnn/GSM9195166/suppl/GSM9195166_206513950169_R02C01_Grn.idat.gz	ftp://ftp.ncbi.nlm.nih.gov/geo/samples/GSM9195nnn/GSM9195166/suppl/GSM9195166_206513950169_R02C01_Red.idat.gz
Neurons	GSM9195171	Neurons_healthy_20150242	Female	Neurons	Brain (Cingulate Gyrus)	R05C01	206513950170	ftp://ftp.ncbi.nlm.nih.gov/geo/samples/GSM9195nnn/GSM9195171/suppl/GSM9195171_206513950170_R05C01_Grn.idat.gz	ftp://ftp.ncbi.nlm.nih.gov/geo/samples/GSM9195nnn/GSM9195171/suppl/GSM9195171_206513950170_R05C01_Red.idat.gz
Neurons	GSM9195173	Neurons_healthy_20160475	Male	Neurons	Brain (Cingulate Gyrus)	R01C01	206513950184	ftp://ftp.ncbi.nlm.nih.gov/geo/samples/GSM9195nnn/GSM9195173/suppl/GSM9195173_206513950184_R01C01_Grn.idat.gz	ftp://ftp.ncbi.nlm.nih.gov/geo/samples/GSM9195nnn/GSM9195173/suppl/GSM9195173_206513950184_R01C01_Red.idat.gz
Neurons	GSM9195180	Neurons_healthy_PDC107	Female	Neurons	Brain (Cingulate Gyrus)	R08C01	206513950186	ftp://ftp.ncbi.nlm.nih.gov/geo/samples/GSM9195nnn/GSM9195180/suppl/GSM9195180_206513950186_R08C01_Grn.idat.gz	ftp://ftp.ncbi.nlm.nih.gov/geo/samples/GSM9195nnn/GSM9195180/suppl/GSM9195180_206513950186_R08C01_Red.idat.gz
Neurons	GSM9195181	Neurons_healthy_20100742	Male	Neurons	Brain (Cingulate Gyrus)	R01C01	206513950194	ftp://ftp.ncbi.nlm.nih.gov/geo/samples/GSM9195nnn/GSM9195181/suppl/GSM9195181_206513950194_R01C01_Grn.idat.gz	ftp://ftp.ncbi.nlm.nih.gov/geo/samples/GSM9195nnn/GSM9195181/suppl/GSM9195181_206513950194_R01C01_Red.idat.gz
Neurons	GSM9195186	Neurons_healthy_20196910	Male	Neurons	Brain (Cingulate Gyrus)	R03C01	206513950198	ftp://ftp.ncbi.nlm.nih.gov/geo/samples/GSM9195nnn/GSM9195186/suppl/GSM9195186_206513950198_R03C01_Grn.idat.gz	ftp://ftp.ncbi.nlm.nih.gov/geo/samples/GSM9195nnn/GSM9195186/suppl/GSM9195186_206513950198_R03C01_Red.idat.gz
Oligodendrocytes	GSM9195114	Oligodendrocytes_healthy_20130400	Female	Oligodendrocytes	Brain (Cingulate Gyrus)	R03C01	205854150033	ftp://ftp.ncbi.nlm.nih.gov/geo/samples/GSM9195nnn/GSM9195114/suppl/GSM9195114_205854150033_R03C01_Grn.idat.gz	ftp://ftp.ncbi.nlm.nih.gov/geo/samples/GSM9195nnn/GSM9195114/suppl/GSM9195114_205854150033_R03C01_Red.idat.gz
Oligodendrocytes	GSM9195118	Oligodendrocytes_healthy_PDC091	Male	Oligodendrocytes	Brain (Cingulate Gyrus)	R01C01	206154080074	ftp://ftp.ncbi.nlm.nih.gov/geo/samples/GSM9195nnn/GSM9195118/suppl/GSM9195118_206154080074_R01C01_Grn.idat.gz	ftp://ftp.ncbi.nlm.nih.gov/geo/samples/GSM9195nnn/GSM9195118/suppl/GSM9195118_206154080074_R01C01_Red.idat.gz
Oligodendrocytes	GSM9195124	Oligodendrocytes_healthy_20174918	Female	Oligodendrocytes	Brain (Cingulate Gyrus)	R07C01	206154080123	ftp://ftp.ncbi.nlm.nih.gov/geo/samples/GSM9195nnn/GSM9195124/suppl/GSM9195124_206154080123_R07C01_Grn.idat.gz	ftp://ftp.ncbi.nlm.nih.gov/geo/samples/GSM9195nnn/GSM9195124/suppl/GSM9195124_206154080123_R07C01_Red.idat.gz
Oligodendrocytes	GSM9195128	Oligodendrocytes_healthy_20140411	Male	Oligodendrocytes	Brain (Cingulate Gyrus)	R08C01	206154250020	ftp://ftp.ncbi.nlm.nih.gov/geo/samples/GSM9195nnn/GSM9195128/suppl/GSM9195128_206154250020_R08C01_Grn.idat.gz	ftp://ftp.ncbi.nlm.nih.gov/geo/samples/GSM9195nnn/GSM9195128/suppl/GSM9195128_206154250020_R08C01_Red.idat.gz
Oligodendrocytes	GSM9195130	Oligodendrocytes_healthy_20110891	Male	Oligodendrocytes	Brain (Cingulate Gyrus)	R04C01	206154250078	ftp://ftp.ncbi.nlm.nih.gov/geo/samples/GSM9195nnn/GSM9195130/suppl/GSM9195130_206154250078_R04C01_Grn.idat.gz	ftp://ftp.ncbi.nlm.nih.gov/geo/samples/GSM9195nnn/GSM9195130/suppl/GSM9195130_206154250078_R04C01_Red.idat.gz
Oligodendrocytes	GSM9195133	Oligodendrocytes_healthy_PDC128	Female	Oligodendrocytes	Brain (Cingulate Gyrus)	R01C01	206154250088	ftp://ftp.ncbi.nlm.nih.gov/geo/samples/GSM9195nnn/GSM9195133/suppl/GSM9195133_206154250088_R01C01_Grn.idat.gz	ftp://ftp.ncbi.nlm.nih.gov/geo/samples/GSM9195nnn/GSM9195133/suppl/GSM9195133_206154250088_R01C01_Red.idat.gz
Oligodendrocytes	GSM9195140	Oligodendrocytes_healthy_20163918	Female	Oligodendrocytes	Brain (Cingulate Gyrus)	R08C01	206154250090	ftp://ftp.ncbi.nlm.nih.gov/geo/samples/GSM9195nnn/GSM9195140/suppl/GSM9195140_206154250090_R08C01_Grn.idat.gz	ftp://ftp.ncbi.nlm.nih.gov/geo/samples/GSM9195nnn/GSM9195140/suppl/GSM9195140_206154250090_R08C01_Red.idat.gz
Oligodendrocytes	GSM9195142	Oligodendrocytes_healthy_20131187	Male	Oligodendrocytes	Brain (Cingulate Gyrus)	R04C01	206154250093	ftp://ftp.ncbi.nlm.nih.gov/geo/samples/GSM9195nnn/GSM9195142/suppl/GSM9195142_206154250093_R04C01_Grn.idat.gz	ftp://ftp.ncbi.nlm.nih.gov/geo/samples/GSM9195nnn/GSM9195142/suppl/GSM9195142_206154250093_R04C01_Red.idat.gz
Oligodendrocytes	GSM9195146	Oligodendrocytes_healthy_20141901	Female	Oligodendrocytes	Brain (Cingulate Gyrus)	R02C01	206513950089	ftp://ftp.ncbi.nlm.nih.gov/geo/samples/GSM9195nnn/GSM9195146/suppl/GSM9195146_206513950089_R02C01_Grn.idat.gz	ftp://ftp.ncbi.nlm.nih.gov/geo/samples/GSM9195nnn/GSM9195146/suppl/GSM9195146_206513950089_R02C01_Red.idat.gz
Oligodendrocytes	GSM9195150	Oligodendrocytes_healthy_CO75	Male	Oligodendrocytes	Brain (Cingulate Gyrus)	R04C01	206513950140	ftp://ftp.ncbi.nlm.nih.gov/geo/samples/GSM9195nnn/GSM9195150/suppl/GSM9195150_206513950140_R04C01_Grn.idat.gz	ftp://ftp.ncbi.nlm.nih.gov/geo/samples/GSM9195nnn/GSM9195150/suppl/GSM9195150_206513950140_R04C01_Red.idat.gz
Oligodendrocytes	GSM9195156	Oligodendrocytes_healthy_PDC040	Female	Oligodendrocytes	Brain (Cingulate Gyrus)	R08C01	206513950147	ftp://ftp.ncbi.nlm.nih.gov/geo/samples/GSM9195nnn/GSM9195156/suppl/GSM9195156_206513950147_R08C01_Grn.idat.gz	ftp://ftp.ncbi.nlm.nih.gov/geo/samples/GSM9195nnn/GSM9195156/suppl/GSM9195156_206513950147_R08C01_Red.idat.gz
Oligodendrocytes	GSM9195159	Oligodendrocytes_healthy_20163903	Female	Oligodendrocytes	Brain (Cingulate Gyrus)	R05C01	206513950150	ftp://ftp.ncbi.nlm.nih.gov/geo/samples/GSM9195nnn/GSM9195159/suppl/GSM9195159_206513950150_R05C01_Grn.idat.gz	ftp://ftp.ncbi.nlm.nih.gov/geo/samples/GSM9195nnn/GSM9195159/suppl/GSM9195159_206513950150_R05C01_Red.idat.gz
Oligodendrocytes	GSM9195161	Oligodendrocytes_healthy_20174936	Male	Oligodendrocytes	Brain (Cingulate Gyrus)	R04C01	206513950168	ftp://ftp.ncbi.nlm.nih.gov/geo/samples/GSM9195nnn/GSM9195161/suppl/GSM9195161_206513950168_R04C01_Grn.idat.gz	ftp://ftp.ncbi.nlm.nih.gov/geo/samples/GSM9195nnn/GSM9195161/suppl/GSM9195161_206513950168_R04C01_Red.idat.gz
Oligodendrocytes	GSM9195167	Oligodendrocytes_healthy_20174903	Male	Oligodendrocytes	Brain (Cingulate Gyrus)	R03C01	206513950169	ftp://ftp.ncbi.nlm.nih.gov/geo/samples/GSM9195nnn/GSM9195167/suppl/GSM9195167_206513950169_R03C01_Grn.idat.gz	ftp://ftp.ncbi.nlm.nih.gov/geo/samples/GSM9195nnn/GSM9195167/suppl/GSM9195167_206513950169_R03C01_Red.idat.gz
Oligodendrocytes	GSM9195172	Oligodendrocytes_healthy_20150242	Female	Oligodendrocytes	Brain (Cingulate Gyrus)	R08C01	206513950170	ftp://ftp.ncbi.nlm.nih.gov/geo/samples/GSM9195nnn/GSM9195172/suppl/GSM9195172_206513950170_R08C01_Grn.idat.gz	ftp://ftp.ncbi.nlm.nih.gov/geo/samples/GSM9195nnn/GSM9195172/suppl/GSM9195172_206513950170_R08C01_Red.idat.gz
Oligodendrocytes	GSM9195176	Oligodendrocytes_healthy_20160475	Male	Oligodendrocytes	Brain (Cingulate Gyrus)	R08C01	206513950184	ftp://ftp.ncbi.nlm.nih.gov/geo/samples/GSM9195nnn/GSM9195176/suppl/GSM9195176_206513950184_R08C01_Grn.idat.gz	ftp://ftp.ncbi.nlm.nih.gov/geo/samples/GSM9195nnn/GSM9195176/suppl/GSM9195176_206513950184_R08C01_Red.idat.gz
Oligodendrocytes	GSM9195177	Oligodendrocytes_healthy_PDC107	Female	Oligodendrocytes	Brain (Cingulate Gyrus)	R01C01	206513950186	ftp://ftp.ncbi.nlm.nih.gov/geo/samples/GSM9195nnn/GSM9195177/suppl/GSM9195177_206513950186_R01C01_Grn.idat.gz	ftp://ftp.ncbi.nlm.nih.gov/geo/samples/GSM9195nnn/GSM9195177/suppl/GSM9195177_206513950186_R01C01_Red.idat.gz
Oligodendrocytes	GSM9195183	Oligodendrocytes_healthy_20100742	Male	Oligodendrocytes	Brain (Cingulate Gyrus)	R04C01	206513950194	ftp://ftp.ncbi.nlm.nih.gov/geo/samples/GSM9195nnn/GSM9195183/suppl/GSM9195183_206513950194_R04C01_Grn.idat.gz	ftp://ftp.ncbi.nlm.nih.gov/geo/samples/GSM9195nnn/GSM9195183/suppl/GSM9195183_206513950194_R04C01_Red.idat.gz
Oligodendrocytes	GSM9195185	Oligodendrocytes_healthy_20196910	Male	Oligodendrocytes	Brain (Cingulate Gyrus)	R01C01	206513950198	ftp://ftp.ncbi.nlm.nih.gov/geo/samples/GSM9195nnn/GSM9195185/suppl/GSM9195185_206513950198_R01C01_Grn.idat.gz	ftp://ftp.ncbi.nlm.nih.gov/geo/samples/GSM9195nnn/GSM9195185/suppl/GSM9195185_206513950198_R01C01_Red.idat.gz
