GSE,branch,rank,chr,start,end,n_probes,Genes,Regions,Delta_Beta,p_value,p_adjust
GSE208623,minfi,1,chr11,1848552,1848742,5,,,-0.0729096519842195,3.13803618332987e-21,1.8707622369453902e-15
GSE208623,minfi,2,chr19,47288039,47288109,3,SLC1A5,1stExon;5'UTR;Body,-0.0377861571221736,9.54148033013585e-16,5.688220289172801e-10
GSE208623,minfi,3,chr16,89428646,89428895,2,ANKRD11,Body;5'UTR,-0.0877236012386138,1.43118566187279e-14,8.53211350625098e-09
GSE208623,minfi,4,chr3,128721448,128721956,3,CCDC48;EFCC1,Body,-0.0519598100535066,2.1716248074490502e-14,1.2946293303344e-08
GSE208623,minfi,5,chr10,33562205,33562403,2,NRP1,Body,-0.0873231193947434,2.26060298375837e-13,1.34767429298844e-07
GSE208623,minfi,6,chr20,43883307,43883546,2,SLPI,TSS200;TSS1500,-0.0790480122700803,3.09539102301212e-13,1.84533902610584e-07
GSE208623,minfi,7,chr2,169658981,169659121,5,NOSTRIN,5'UTR;1stExon;TSS200,-0.0757372797311282,5.65405938959489e-13,3.37070708352272e-07
GSE208623,minfi,8,chr7,120629404,120629502,2,C7orf58;CPED1,5'UTR;TSS200;1stExon,-0.0754521313892904,8.58555922448647e-13,5.11834123059218e-07
GSE208623,minfi,9,chr19,11202486,11202610,2,LDLR,Body,-0.05846786689604,1.9322342140294797e-12,1.15191495233317e-06
GSE208623,minfi,10,chr1,1368387,1368541,2,LOC102724312,Body,-0.0804085720699133,2.41214699725826e-12,1.43801831744449e-06
GSE208623,minfi,11,chr16,50730737,50730813,2,NOD2,TSS1500,-0.0498667722150483,3.2854511943517198e-12,1.95864472767114e-06
GSE208623,minfi,12,chr6,31804883,31805329,2,C6orf48;SNORD52,5'UTR;Body,-0.0617206200885289,1.51012008583681e-11,9.00268660012213e-06
GSE208623,minfi,13,chr16,50679607,50679710,2,,,-0.0464751162918733,1.82411832450925e-11,1.08746090798446e-05
GSE208623,minfi,14,chr4,693321,693333,2,,,-0.0394474533562159,2.77986923012916e-11,1.65723850062611e-05
GSE208623,minfi,15,chr10,90611604,90611646,2,ANKRD22,1stExon;5'UTR,-0.0643705206585342,2.8093914961742598e-11,1.67483840618476e-05
GSE208623,minfi,16,chr2,40658891,40658918,2,SLC8A1,TSS1500;5'UTR,-0.0633368844570599,3.10022160839319e-11,1.84821881339486e-05
GSE208623,minfi,17,chr11,57044759,57045111,2,,,-0.0443964395715953,3.10642357744502e-11,1.85191616065889e-05
GSE208623,minfi,18,chr8,141074510,141074581,2,TRAPPC9,Body,-0.0592010989365585,4.3493396231892096e-11,2.59288926174161e-05
GSE208623,minfi,19,chr2,8683604,8683945,2,,,-0.0442041065434271,6.54464682690635e-11,3.90163701838801e-05
GSE208623,minfi,20,chr19,47288114,47288244,2,SLC1A5,5'UTR;TSS200;Body;1stExon,-0.0459148812080796,7.66110473991394e-11,4.56722121843287e-05
GSE208623,minfi,21,chr3,126277693,126277764,2,C3orf22,5'UTR;1stExon;Body,-0.0453508313066737,9.00139012196367e-11,5.3662417309395e-05
GSE208623,minfi,22,chr6,33219392,33219410,2,VPS52,Body,-0.0570288914239199,1.03204749114872e-10,6.15262336180746e-05
GSE208623,minfi,23,chr16,30407502,30407561,2,ZNF48,5'UTR;Body,-0.059042097735412,1.1140776966533001e-10,6.64165217403743e-05
GSE208623,minfi,24,chr15,31775406,31775895,2,OTUD7A,Body;3'UTR,0.0936366556081419,1.13110822715736e-10,6.74318087377452e-05
GSE208623,minfi,25,chr17,73310148,73310221,2,,,-0.0731118012369254,1.30029920779386e-10,7.75182474820763e-05
GSE208623,sesame_strict,1,chr11,1848552,1848725,4,,,-0.0368882312445874,4.08005332254119e-16,2.01856558079403e-10
GSE208623,sesame_strict,2,chr12,3011514,3011741,2,TULP3,Body,-0.0390521954920177,6.11878381970896e-14,3.02720710696281e-08
GSE208623,sesame_strict,3,chr2,223709146,223709253,2,,,-0.112274588177123,6.433965448076071e-14,3.18314006578116e-08
GSE208623,sesame_strict,4,chr20,43883307,43883546,2,SLPI,TSS200;TSS1500,-0.141644763691513,1.28286589600942e-13,6.34685073391702e-08
GSE208623,sesame_strict,5,chr16,89428646,89428895,2,ANKRD11,Body;5'UTR,-0.160575278034758,2.21086917436531e-13,1.09380541532549e-07
GSE208623,sesame_strict,6,chr7,120629404,120629703,5,C7orf58;CPED1,5'UTR;TSS200;1stExon;Body,-0.0689152677577476,2.63744046858728e-13,1.30484729742887e-07
GSE208623,sesame_strict,7,chr16,88103339,88103629,2,BANP,Body,0.0308259992956598,3.57274791311379e-12,1.76758130253392e-06
GSE208623,sesame_strict,8,chr19,47288039,47288109,3,SLC1A5,1stExon;5'UTR;Body,-0.0756008833214185,5.17728617114863e-12,2.56141056031407e-06
GSE208623,sesame_strict,9,chr12,125258948,125259081,2,,,-0.111316471914048,5.44419553025299e-12,2.69346129663736e-06
GSE208623,sesame_strict,10,chr3,160167729,160167977,3,TRIM59,TSS200;TSS1500,0.0398260892140467,1.87306213578535e-11,9.26678761058442e-06
GSE208623,sesame_strict,11,chr19,11202486,11202610,2,LDLR,Body,-0.10664737475272,6.56204992287675e-11,3.24650857884405e-05
GSE208623,sesame_strict,12,chr6,151325642,151325685,2,MTHFD1L,Body,-0.0760479404643601,8.35309490857162e-11,4.13261017506672e-05
GSE208623,sesame_strict,13,chr12,8717467,8717487,2,,,-0.007991737592899,1.35497543592619e-10,6.70360547170123e-05
GSE208623,sesame_strict,14,chr6,11044888,11044894,2,ELOVL2,TSS1500,0.0716715271432031,3.40576129247925e-10,0.0001684966341841
GSE208623,sesame_strict,15,chr6,149641011,149641149,2,TAB2,Body;5'UTR,-0.103385619345234,3.4681090166171103e-10,0.0001715812254881
GSE208623,sesame_strict,16,chr7,129017343,129017393,2,AHCYL2,Body,-0.140198660588413,7.0087568328053e-10,0.0003467512355462
GSE208623,sesame_strict,17,chr22,40814878,40814966,2,MKL1,Body,0.0463268244452104,7.562193079160551e-10,0.0003741319403983
GSE208623,sesame_strict,18,chr8,57360226,57360613,3,PENK,TSS1500,0.0524353334310428,2.08608597035825e-09,0.001032070172975
GSE208623,sesame_strict,19,chr10,31146954,31147088,2,ZNF438,Body;5'UTR,-0.0939526588167156,2.81569725915283e-09,0.0013930380619932
GSE208623,sesame_strict,20,chr4,693321,693333,2,,,-0.075461528224071,3.88904003982618e-09,0.0019240636693036
GSE208623,sesame_strict,21,chr20,48809539,48809978,2,,,-0.0796445040764329,4.170070101169711e-09,0.0020631004818527
GSE208623,sesame_strict,22,chr14,93389485,93389628,4,CHGA,5'UTR;1stExon,0.051338739084864,4.52328717756247e-09,0.0022378510982272
GSE208623,sesame_strict,23,chr13,47470354,47470857,3,HTR2A,5'UTR;ExonBnd;Body;1stExon,-0.0733310074688163,4.8707187207591305e-09,0.0024097393799083
GSE208623,sesame_strict,24,chr7,139320346,139320460,2,HIPK2,Body,0.0344307624023641,8.528374627364791e-09,0.0042193280631424
GSE208623,sesame_strict,25,chr19,15530606,15530870,4,AKAP8L,TSS1500,-0.0616884929165978,8.56682800753069e-09,0.0042383524884457
GSE208623,sesame_native,1,chr10,31146954,31147088,2,ZNF438,Body;5'UTR,-0.0939526588167156,4.32631682258306e-21,2.32898613510114e-15
GSE208623,sesame_native,2,chr11,1848552,1848725,4,,,-0.0368882312445874,4.09546664869377e-20,2.20471256099132e-14
GSE208623,sesame_native,3,chr2,223709146,223709253,2,,,-0.112274588177123,1.57936794972098e-18,8.50221148373298e-13
GSE208623,sesame_native,4,chr20,43883307,43883546,2,SLPI,TSS200;TSS1500,-0.141644763691513,1.69087298885215e-16,9.10247656088776e-11
GSE208623,sesame_native,5,chr7,120629404,120629703,5,C7orf58;CPED1,5'UTR;TSS200;1stExon;Body,-0.0689152677577476,4.91686338420712e-16,2.6468950656202203e-10
GSE208623,sesame_native,6,chr19,47288039,47288109,3,SLC1A5,1stExon;5'UTR;Body,-0.0756008833214185,7.031586531267301e-16,3.78531397737713e-10
GSE208623,sesame_native,7,chr6,151325642,151325685,2,MTHFD1L,Body,-0.0760479404643601,1.62949982902977e-15,8.77208642961594e-10
GSE208623,sesame_native,8,chr3,48557198,48557236,2,PFKFB4,Body,0.0390708710898861,6.5686609132948e-15,3.5361072294539905e-09
GSE208623,sesame_native,9,chr16,89428646,89428895,2,ANKRD11,Body;5'UTR,-0.160575278034758,1.48961498003285e-14,8.019044322010831e-09
GSE208623,sesame_native,10,chr11,102096771,102096840,2,YAP1,Body,-0.0217608501484806,1.8311016933859702e-14,9.8573697460047e-09
GSE208623,sesame_native,11,chr11,63858820,63858880,2,MACROD1,Body,-0.0780370018541025,3.8470429825056403e-14,2.07097864877226e-08
GSE208623,sesame_native,12,chr16,2338842,2339260,2,ABCA3,Body,0.0546708607613099,8.7997806730823e-13,4.73718592974039e-07
GSE208623,sesame_native,13,chr5,134526124,134526173,2,,,-0.0412108270852142,1.00987552259894e-12,5.43646290080687e-07
GSE208623,sesame_native,14,chr3,160167725,160167977,4,TRIM59,TSS200;TSS1500,0.0302133675343148,1.2349522546113998e-12,6.64811847224954e-07
GSE208623,sesame_native,15,chr12,125258948,125259081,2,,,-0.111316471914048,1.91714796591483e-12,1.03205826449093e-06
GSE208623,sesame_native,16,chr2,71704580,71704806,2,DYSF,Body,-0.104127588196887,2.17592719320744e-12,1.17136688591936e-06
GSE208623,sesame_native,17,chr11,503283,503807,5,RNH1,5'UTR,-0.0692712217562263,2.37648940858831e-12,1.27933554332534e-06
GSE208623,sesame_native,18,chr19,11202486,11202610,2,LDLR,Body,-0.10664737475272,2.6103601506048398e-12,1.4052351798751e-06
GSE208623,sesame_native,19,chr1,61547131,61547163,2,NFIA,Body;TSS1500,-0.0628764423415373,3.4067187344752197e-12,1.83393889633004e-06
GSE208623,sesame_native,20,chr4,8582249,8582565,4,GPR78,TSS200;1stExon;5'UTR,0.0474023534149007,4.17600873762591e-12,2.24807078372615e-06
GSE208623,sesame_native,21,chr16,88103339,88103629,2,BANP,Body,0.0308259992956598,5.01790354484207e-12,2.70128801529483e-06
GSE208623,sesame_native,22,chr10,33562205,33562403,2,NRP1,Body,-0.0914146299460472,5.30377691865138e-12,2.8551822286176e-06
GSE208623,sesame_native,23,chr1,209941646,209942066,5,TRAF3IP3,1stExon;Body;5'UTR;TSS200,0.0534871936781147,6.5645186822774094e-12,3.5338773422304e-06
GSE208623,sesame_native,24,chr19,51965444,51965573,2,,,-0.0561246134626275,7.3360545016873e-12,3.94921821989332e-06
GSE208623,sesame_native,25,chr11,46382544,46382642,3,DGKZ,Body;TSS1500,-0.0508335783275521,7.945535949429149e-12,4.27732036765619e-06
GSE125895,minfi,1,chr17,18011513,18012014,6,MYO15A,TSS200;TSS1500,-0.0041252895952431,4.11089675364029e-45,1.49637875101533e-39
GSE125895,minfi,2,chr21,47813025,47813491,5,PCNT,Body,-0.0217351427043586,2.67121999273062e-35,9.723320910139238e-30
GSE125895,minfi,3,chr17,38503802,38504102,2,RARA,Body,0.0135796343158682,1.94942795128653e-24,7.09597622552151e-19
GSE125895,minfi,4,chr14,70038073,70038949,7,C14orf162,TSS1500;TSS200,0.022524623664052,3.05801339854612e-24,1.11312605111098e-18
GSE125895,minfi,5,chr8,101661245,101661767,4,SNX31,Body;1stExon;5'UTR,0.0029525264622652,6.30741896555481e-23,2.29591942571885e-17
GSE125895,minfi,6,chr17,76128522,76129099,9,TMC8;TMC6,Body;TSS200;TSS1500,0.0074436947553297,7.291466958913e-23,2.65411584744521e-17
GSE125895,minfi,7,chr15,65648490,65648771,2,IGDCC3,Body,-0.0095979798839818,3.59138834723359e-22,1.30727613255807e-16
GSE125895,minfi,8,chr8,41519119,41519308,2,ANK1;MIR486,Body;TSS1500,0.0597072397511956,2.32961233387348e-21,8.47985878366948e-16
GSE125895,minfi,9,chr6,32116853,32117281,14,PRRT1,3'UTR;Body,0.0285562225659468,3.1310794809541402e-21,1.13972232430575e-15
GSE125895,minfi,10,chr20,56286391,56286697,6,PMEPA1,TSS1500;TSS200;5'UTR;1stExon,0.0151475260035719,7.33872267087885e-21,2.6713170683679102e-15
GSE125895,minfi,11,chr1,87597544,87598514,6,LOC339524,Body;TSS200,0.0048380762449384,6.63163438722494e-20,2.4139348118530402e-14
GSE125895,minfi,12,chr20,57582706,57583709,19,CTSZ,TSS1500,0.003015837849528,7.9008709303624e-19,2.8759407212647e-13
GSE125895,minfi,13,chr7,150264767,150264987,2,GIMAP4,5'UTR,0.0080970899664468,1.89391480016884e-18,6.8939066900586e-13
GSE125895,minfi,14,chr5,176784719,176785296,4,RGS14,TSS200;5'UTR;1stExon;Body,0.0260617761376334,6.97216506827206e-18,2.53788900134623e-12
GSE125895,minfi,15,chr1,159825173,159825628,4,VSIG8;C1orf204,Body;TSS1500;TSS200,0.0340373449111971,7.33405045127484e-18,2.66961636641539e-12
GSE125895,minfi,16,chr6,31695027,31696102,12,DDAH2,Body,0.0034374881926435,7.59049691156523e-18,2.7629636473004798e-12
GSE125895,minfi,17,chr20,62687969,62688573,7,TCEA2,TSS1500;TSS200;1stExon;5'UTR,0.0180135674712641,9.04955043149364e-18,3.2940635057149797e-12
GSE125895,minfi,18,chr22,38034681,38035109,2,SH3BP1,TSS1500,0.0091599193201524,1.50014444440371e-17,5.46057078196284e-12
GSE125895,minfi,19,chr1,15271952,15272238,4,KIAA1026,Body;5'UTR;TSS1500;TSS200,0.0077568296985896,1.39455883793916e-16,5.07623600686368e-11
GSE125895,minfi,20,chr1,175161561,175162553,13,KIAA0040,1stExon;5'UTR;TSS200;TSS1500,-0.0048849529306754,2.82692134903009e-16,1.029007851811e-10
GSE125895,minfi,21,chr16,1593178,1593415,3,IFT140;TMEM204,Body,0.0252103908231118,6.797232498117409e-16,2.47421302101223e-10
GSE125895,minfi,22,chr11,69682593,69682825,3,,,0.0010321826605392,6.81082813411246e-16,2.47916187330134e-10
GSE125895,minfi,23,chr7,1153507,1153961,3,C7orf50,Body,-0.008504666982859,1.6626446655019302e-15,6.052076461767e-10
GSE125895,minfi,24,chr2,12146219,12146691,2,,,-0.0241867881916142,2.6375456129468203e-15,9.60074515749483e-10
GSE125895,minfi,25,chr3,133464047,133464463,2,TF,TSS1500,-0.0039449373824839,5.27906339808243e-15,1.9215949140922e-09
GSE125895,sesame_strict,1,chr21,47813025,47813491,5,PCNT,Body,-0.0235458069693038,1.66022216216878e-38,4.6330657724130596e-33
GSE125895,sesame_strict,2,chr17,18011513,18012014,6,MYO15A,TSS200;TSS1500,-0.0068832882840876,1.56037530290739e-28,4.35443013155245e-23
GSE125895,sesame_strict,3,chr15,65648490,65648771,2,IGDCC3,Body,-0.0211402459712064,3.29034803471018e-25,9.182143936103281e-20
GSE125895,sesame_strict,4,chr20,62687969,62688573,7,TCEA2,TSS200;TSS1500;1stExon;5'UTR,0.0148276300011329,1.30452779179553e-24,3.64045439161837e-19
GSE125895,sesame_strict,5,chr6,33163202,33163333,3,RXRB,Body,-0.0202574139846579,2.31109096764852e-24,6.449399787048991e-19
GSE125895,sesame_strict,6,chr20,57582706,57583709,19,CTSZ,TSS1500,0.0007491623525616,3.9288061111059604e-24,1.09638441978356e-18
GSE125895,sesame_strict,7,chr5,176784715,176785296,5,RGS14,Body;TSS200;5'UTR;1stExon,0.0243876648489765,9.05670873663991e-24,2.5273923101729398e-18
GSE125895,sesame_strict,8,chr14,70038073,70038949,7,C14orf162,TSS1500;TSS200,0.018115283857347,6.19489190487938e-22,1.72876511965135e-16
GSE125895,sesame_strict,9,chr11,69682593,69682825,3,,,-0.0041121616500474,6.411006179244079e-22,1.78907461739839e-16
GSE125895,sesame_strict,10,chr6,31695064,31696102,10,DDAH2,Body,-5.20405771523458e-05,1.2556728042893801e-20,3.50411819783407e-15
GSE125895,sesame_strict,11,chr17,38503802,38504102,2,RARA,Body,0.0081064968119524,1.10854564764983e-19,3.09354074070103e-14
GSE125895,sesame_strict,12,chr1,15271952,15272238,4,KIAA1026,Body;5'UTR;TSS1500;TSS200,0.0080814388095463,2.8092598177684e-18,7.83960472525904e-13
GSE125895,sesame_strict,13,chr1,159825173,159825628,4,VSIG8;C1orf204,Body;TSS1500;TSS200,0.0226974238757021,5.98817751818176e-18,1.67107878275636e-12
GSE125895,sesame_strict,14,chr6,32116853,32117281,10,PRRT1,Body;3'UTR,0.0201739068268406,7.548350311224429e-18,2.10646528290122e-12
GSE125895,sesame_strict,15,chr11,67166104,67166521,5,PPP1CA,Body,-0.0241376912161309,1.55526366315617e-17,4.340165436313499e-12
GSE125895,sesame_strict,16,chr22,38034681,38035109,2,SH3BP1,TSS1500,0.0032087937546264,1.93541960414305e-17,5.40104000990973e-12
GSE125895,sesame_strict,17,chr1,1897585,1897785,3,KIAA1751,Body,0.0191222304591074,6.10423909983211e-17,1.7034672759164498e-11
GSE125895,sesame_strict,18,chr17,76128522,76129099,9,TMC8;TMC6,Body;TSS200;TSS1500,0.0038492720334492,1.50823649419419e-16,4.2089300077931396e-11
GSE125895,sesame_strict,19,chr10,126840591,126841033,2,CTBP2,5'UTR,0.0180132495613734,3.38937183590781e-16,9.458482726439409e-11
GSE125895,sesame_strict,20,chr20,56286391,56286697,5,PMEPA1,TSS1500;TSS200;5'UTR;1stExon,0.0031457193850844,1.41240747726661e-15,3.94150667828453e-10
GSE125895,sesame_strict,21,chr14,100203730,100204258,7,,,-0.0322524117203206,2.2897152552501803e-15,6.38974808275881e-10
GSE125895,sesame_strict,22,chr1,87598069,87598514,3,LOC339524,Body,0.0048677590181427,3.77944300096413e-15,1.05470270217805e-09
GSE125895,sesame_strict,23,chr17,76887876,76887989,2,TIMP2,Body,0.0328822040216417,7.05247272874644e-15,1.96808419710217e-09
GSE125895,sesame_strict,24,chr22,38713874,38714395,7,CSNK1E,5'UTR;TSS1500;TSS200;1stExon,-0.0107166290083808,6.439675252969261e-14,1.79707509511936e-08
GSE125895,sesame_strict,25,chr6,33163347,33163760,9,RXRB,Body,-0.0059212738849764,1.30603274527463e-13,3.64465415994575e-08
GSE125895,sesame_native,1,chr17,18011513,18012014,6,MYO15A,TSS200;TSS1500,-0.0068832882840876,5.9161789227698905e-31,2.11964266827107e-25
GSE125895,sesame_native,2,chr21,47813025,47813491,5,PCNT,Body,-0.0235458069693038,3.2698556494382694e-30,1.17152061222509e-24
GSE125895,sesame_native,3,chr20,57582706,57583709,19,CTSZ,TSS1500,0.0007491623525616,7.40801508729223e-26,2.65413623745997e-20
GSE125895,sesame_native,4,chr15,65648490,65648771,2,IGDCC3,Body,-0.0211402459712064,2.09496382917046e-25,7.50581545751365e-20
GSE125895,sesame_native,5,chr6,33163202,33163333,3,RXRB,Body,-0.0202574139846579,4.10127708057713e-24,1.4694014511520898e-18
GSE125895,sesame_native,6,chr5,176784715,176785296,5,RGS14,Body;TSS200;5'UTR;1stExon,0.0243876648489765,4.45270871597178e-24,1.5953120260496498e-18
GSE125895,sesame_native,7,chr14,70038073,70038949,7,C14orf162,TSS1500;TSS200,0.018115283857347,5.50138994693774e-24,1.9710324887989098e-18
GSE125895,sesame_native,8,chr20,62687969,62688573,7,TCEA2,TSS200;TSS1500;1stExon;5'UTR,0.0148276300011329,1.29570573968499e-23,4.64224156708598e-18
GSE125895,sesame_native,9,chr11,69682593,69682825,3,,,-0.0041121616500474,1.4955003083442401e-21,5.35806354973266e-16
GSE125895,sesame_native,10,chr6,31695064,31696102,10,DDAH2,Body,-5.20405771523458e-05,2.30912093013583e-21,8.27309537728133e-16
GSE125895,sesame_native,11,chr6,32116905,32117281,9,PRRT1,3'UTR;Body,0.0271139917702175,5.35780082785717e-21,1.91958752280384e-15
GSE125895,sesame_native,12,chr17,38503802,38504102,2,RARA,Body,0.0081064968119524,5.47102038445789e-21,1.96015171232319e-15
GSE125895,sesame_native,13,chr14,100203730,100204258,7,,,-0.0322524117203206,4.3174896494554703e-19,1.54686587411725e-13
GSE125895,sesame_native,14,chr1,159825173,159825628,4,VSIG8;C1orf204,Body;TSS1500;TSS200,0.0226974238757021,6.445326692271141e-19,2.30922520198021e-13
GSE125895,sesame_native,15,chr22,38034681,38035109,2,SH3BP1,TSS1500,0.0032087937546264,3.0614468454810897e-18,1.09685211435212e-12
GSE125895,sesame_native,16,chr14,23623480,23623684,3,SLC7A8,5'UTR;Body;1stExon;TSS200,-0.0199306196774327,9.76220101264738e-18,3.49759161661029e-12
GSE125895,sesame_native,17,chr11,67166104,67166521,5,PPP1CA,Body,-0.0241376912161309,1.01183630684897e-17,3.6251970018154096e-12
GSE125895,sesame_native,18,chr17,76128522,76129099,9,TMC8;TMC6,Body;TSS200;TSS1500,0.0038492720334492,8.40324782351754e-17,3.0107072269620396e-11
GSE125895,sesame_native,19,chr1,1897585,1897785,3,KIAA1751,Body,0.0191222304591074,1.3538742838503899e-16,4.85064724543634e-11
GSE125895,sesame_native,20,chr10,126840591,126841033,2,CTBP2,5'UTR,0.0180132495613734,2.0699779515763003e-16,7.41629630512805e-11
GSE125895,sesame_native,21,chr1,15271952,15272238,4,KIAA1026,Body;5'UTR;TSS1500;TSS200,0.0080814388095463,2.87005262071876e-16,1.0282795828985001e-10
GSE125895,sesame_native,22,chr17,76887876,76887989,2,TIMP2,Body,0.0328822040216417,8.86767788090823e-16,3.17710276349392e-10
GSE125895,sesame_native,23,chr7,150264767,150264987,2,GIMAP4,5'UTR,0.0022638724531839,9.86665697863156e-16,3.53501599564714e-10
GSE125895,sesame_native,24,chr15,40599985,40600635,7,PLCB2,TSS200;1stExon;5'UTR;TSS1500,0.00263561469645,2.0103362359931902e-15,7.202612562954061e-10
GSE125895,sesame_native,25,chr20,56286391,56286697,5,PMEPA1,TSS1500;TSS200;5'UTR;1stExon,0.0031457193850844,2.1396576332135702e-15,7.66594397170123e-10
GSE134379,minfi,1,chr1,3191219,3191678,5,PRDM16,Body,-0.0043022756776922,8.95393263864247e-54,3.33341481237701e-48
GSE134379,minfi,2,chr8,145728587,145729799,12,GPT,1stExon;TSS1500;TSS200;5'UTR,-0.0090612370427506,1.33812490583853e-47,4.981638305700989e-42
GSE134379,minfi,3,chr16,85482530,85482849,2,,,-0.0067601553534867,1.64615583173242e-37,6.12839123816503e-32
GSE134379,minfi,4,chr6,32117281,32117558,6,PRRT1,Body,0.0057142394954037,6.02205444157137e-37,2.2419205377804e-31
GSE134379,minfi,5,chr6,31937127,31937394,6,SKIV2L,Body,-0.0003805640031665,6.62048969439205e-37,2.46470900587674e-31
GSE134379,minfi,6,chr13,43566313,43566902,7,EPSTI1,5'UTR;1stExon;TSS200;TSS1500,-0.0114784404165572,2.00769520984079e-35,7.474348111955799e-30
GSE134379,minfi,7,chr2,25809988,25810393,2,DTNB,Body,0.0022865324383167,1.0757250644222299e-34,4.00476305608431e-29
GSE134379,minfi,8,chr13,113701892,113702279,3,MCF2L,Body,0.0063476537044423,5.34664272826493e-34,1.99047488809211e-28
GSE134379,minfi,9,chr4,2277349,2277836,4,ZFYVE28,Body,0.0096072529211305,2.21477919269578e-31,8.2452907175275e-26
GSE134379,minfi,10,chr22,46508454,46508604,5,MIRLET7A3;LOC400931;MIRLET7B,TSS200;Body;TSS1500,-0.0055203251637726,1.29619347407583e-30,4.82553387496321e-25
GSE134379,minfi,11,chr17,9929867,9930194,3,GAS7,Body;TSS1500,0.0039629443620775,3.86487368763869e-30,1.43883450080257e-24
GSE134379,minfi,12,chr6,29598695,29599178,3,GABBR1,Body,0.0105596364860259,5.17611006492428e-29,1.9269881355203302e-23
GSE134379,minfi,13,chr16,6623995,6624293,4,A2BP1,5'UTR,0.0103261206897349,5.41028404465454e-29,2.01416759556422e-23
GSE134379,minfi,14,chr20,61447369,61447742,11,COL9A3,TSS1500,-0.0053852719722815,5.8918004857975e-28,2.19342894385512e-22
GSE134379,minfi,15,chr15,49339070,49339272,2,SECISBP2L,TSS1500,0.0118863580103457,1.18440686017304e-26,4.40936907939521e-21
GSE134379,minfi,16,chr19,16178195,16178514,5,TPM4,1stExon;TSS200;5'UTR,-0.0085291425853743,1.55678880417339e-25,5.79569119961691e-20
GSE134379,minfi,17,chr1,230492846,230493133,4,PGBD5,Body,0.0100581740640281,1.35498451177683e-24,5.04440408966835e-19
GSE134379,minfi,18,chr10,14372596,14372910,2,FRMD4A,1stExon;5'UTR;TSS200,0.0121210251336368,1.72249523829101e-24,6.41259139787168e-19
GSE134379,minfi,19,chr7,1153507,1153961,3,C7orf50,Body,-0.0101084818709932,4.48464343665742e-24,1.6695654818160099e-18
GSE134379,minfi,20,chr7,107300287,107301288,9,SLC26A4;LOC286002,5'UTR;Body;1stExon;TSS200;TSS1500,0.006881876967151,3.79053764203597e-23,1.41116030606536e-17
GSE134379,minfi,21,chr11,14664598,14664793,3,PDE3B;PSMA1,TSS1500;5'UTR,0.00231585300255,3.86242820665311e-23,1.43792408491385e-17
GSE134379,minfi,22,chr9,34623776,34624587,4,ARID3C,Body,-0.0055303317699592,4.78154143566505e-23,1.78009615337656e-17
GSE134379,minfi,23,chr7,157190100,157190734,3,DNAJB6,Body,-0.0062870842974001,1.80304891238766e-22,6.7124806434824e-17
GSE134379,minfi,24,chr10,126694222,126694390,2,CTBP2,Body,0.0142887119538966,3.0739807231045797e-22,1.14439691350099e-16
GSE134379,minfi,25,chr3,125820752,125821264,3,SLC41A3,TSS1500,-0.0044307513378504,5.42923138132062e-22,2.02122140479495e-16
GSE134379,sesame_strict,1,chr22,20236751,20236856,4,MIR1286;RTN4R,TSS200;Body,-0.003875239923854,5.1653715435627205e-58,1.8179680108715302e-52
GSE134379,sesame_strict,2,chr8,145728526,145729799,14,GPT,TSS1500;1stExon;TSS200;5'UTR,-0.008972066061124,1.98969041728942e-49,7.002775114362621e-44
GSE134379,sesame_strict,3,chr1,3191219,3191678,5,PRDM16,Body,-0.00358099013833,5.6563367723832695e-49,1.99076469605061e-43
GSE134379,sesame_strict,4,chr6,32117281,32117558,6,PRRT1,Body,0.0045953117642108,2.01950390470029e-42,7.10770457770982e-37
GSE134379,sesame_strict,5,chr22,46508454,46508604,5,MIRLET7A3;LOC400931;MIRLET7B,TSS200;Body;TSS1500,-0.0053132816887924,5.86066969069763e-37,2.0626802796500996e-31
GSE134379,sesame_strict,6,chr13,43566262,43566642,7,EPSTI1,5'UTR;1stExon;TSS200;TSS1500,-0.0176315315859678,1.62458772437424e-35,5.717785233566869e-30
GSE134379,sesame_strict,7,chr13,113701892,113702279,3,MCF2L,Body,0.0053838931146647,3.13870758332901e-35,1.10467755007539e-29
GSE134379,sesame_strict,8,chr16,85482530,85482849,2,,,-0.0055721135200528,7.32459442859102e-34,2.57791298292589e-28
GSE134379,sesame_strict,9,chr17,48912026,48912952,14,WFIKKN2,TSS200;TSS1500;1stExon;5'UTR,-0.006304476330414,7.4402343363462e-33,2.61861279538006e-27
GSE134379,sesame_strict,10,chr20,61447330,61447749,13,COL9A3,TSS1500,-0.0064028385194766,1.28803025936381e-27,4.53326113873872e-22
GSE134379,sesame_strict,11,chr7,1153507,1153961,3,C7orf50,Body,-0.0086195557187607,8.63901089145069e-26,3.04052580027874e-20
GSE134379,sesame_strict,12,chr3,12200236,12200856,6,SYN2;TIMP4,Body;TSS200;1stExon;5'UTR;TSS1500,-0.0131548458051572,2.2349144018440403e-25,7.86584828472215e-20
GSE134379,sesame_strict,13,chr3,125820752,125821264,3,SLC41A3,TSS1500,-0.005263157212282,1.6319035420121201e-24,5.743533473217911e-19
GSE134379,sesame_strict,14,chr12,123351548,123351782,3,VPS37B,Body;3'UTR,-0.007273550429756,1.69844921748988e-24,5.97774297443215e-19
GSE134379,sesame_strict,15,chr4,2277349,2277836,4,ZFYVE28,Body,0.0055984130098458,2.09741974569979e-24,7.38193171758276e-19
GSE134379,sesame_strict,16,chr17,9929867,9930194,3,GAS7,Body;TSS1500,0.0008341128952984,4.33354346016297e-24,1.52520362143474e-18
GSE134379,sesame_strict,17,chr1,230492846,230493133,4,PGBD5,Body,0.0063083838141488,4.99779666925289e-24,1.75898953113356e-18
GSE134379,sesame_strict,18,chr17,77982340,77982477,3,TBC1D16,Body,-0.0111622262523702,1.03408915918773e-23,3.639507818436e-18
GSE134379,sesame_strict,19,chr16,72981543,72982446,6,ZFHX3,Body,-0.0049130316282937,1.09033418402819e-23,3.83746387071272e-18
GSE134379,sesame_strict,20,chr4,618114,618497,3,PDE6B,TSS1500,-0.0100107515777073,1.7410418915900998e-23,6.127649168708089e-18
GSE134379,sesame_strict,21,chr11,2292751,2293605,18,ASCL2,TSS1500,-0.0066705463963373,3.1498989573963304e-23,1.10861638775251e-17
GSE134379,sesame_strict,22,chr17,9940004,9940227,3,GAS7,Body;1stExon;5'UTR;TSS200,-0.0177642382431601,7.727100858342571e-23,2.71957632839624e-17
GSE134379,sesame_strict,23,chr6,5026164,5026552,4,,,-0.0208756912995001,1.14901149275101e-22,4.0439804190819704e-17
GSE134379,sesame_strict,24,chr14,64692154,64692302,2,SYNE2,3'UTR;Body,-0.0125420679552743,4.81587385024186e-22,1.69496124921417e-16
GSE134379,sesame_strict,25,chr6,32044163,32044959,8,TNXB,Body,-0.0112869159072237,4.82811126509784e-22,1.69926824408498e-16
GSE134379,sesame_native,1,chr22,20236751,20236856,4,MIR1286;RTN4R,TSS200;Body,-0.003875239923854,1.3451285655568e-57,4.77235473516765e-52
GSE134379,sesame_native,2,chr8,145728526,145729799,14,GPT,TSS1500;1stExon;TSS200;5'UTR,-0.008972066061124,2.27995636844238e-49,8.08901160046934e-44
GSE134379,sesame_native,3,chr1,3191219,3191678,5,PRDM16,Body,-0.00358099013833,2.42316853153274e-49,8.597111169654391e-44
GSE134379,sesame_native,4,chr6,32117281,32117558,6,PRRT1,Body,0.0045953117642108,1.02582038835788e-41,3.6394876394471394e-36
GSE134379,sesame_native,5,chr13,43566262,43566642,7,EPSTI1,5'UTR;1stExon;TSS200;TSS1500,-0.0176315315859678,9.576162820318619e-36,3.3975076546952e-30
GSE134379,sesame_native,6,chr22,46508454,46508604,5,MIRLET7A3;LOC400931;MIRLET7B,TSS200;Body;TSS1500,-0.0053132816887924,1.0387095556638601e-35,3.6852168583486795e-30
GSE134379,sesame_native,7,chr16,85482530,85482849,2,,,-0.0055721135200528,3.74287849546416e-34,1.3279283756487399e-28
GSE134379,sesame_native,8,chr13,113701892,113702279,3,MCF2L,Body,0.0053838931146647,5.11786025550713e-34,1.81575540433086e-28
GSE134379,sesame_native,9,chr17,48912026,48912952,14,WFIKKN2,TSS200;TSS1500;1stExon;5'UTR,-0.006304476330414,2.05146154664591e-32,7.2783393921141e-27
GSE134379,sesame_native,10,chr20,61447330,61447749,13,COL9A3,TSS1500,-0.0064028385194766,6.00122704584009e-27,2.12916334113952e-21
GSE134379,sesame_native,11,chr7,1153507,1153961,3,C7orf50,Body,-0.0086195557187607,1.7044327459826701e-25,6.04712285081699e-20
GSE134379,sesame_native,12,chr3,12200236,12200856,6,SYN2;TIMP4,Body;TSS200;1stExon;5'UTR;TSS1500,-0.0131548458051572,2.2016636131119702e-25,7.81123829968771e-20
GSE134379,sesame_native,13,chr3,125820752,125821264,3,SLC41A3,TSS1500,-0.005263157212282,1.11327720342323e-24,3.9497739244812304e-19
GSE134379,sesame_native,14,chr4,2277349,2277836,4,ZFYVE28,Body,0.0055984130098458,1.73028939471915e-24,6.13885913773619e-19
GSE134379,sesame_native,15,chr17,9929867,9930194,3,GAS7,Body;TSS1500,0.0008341128952984,2.86395856485759e-24,1.0160981313087e-18
GSE134379,sesame_native,16,chr12,123351548,123351782,3,VPS37B,Body;3'UTR,-0.007273550429756,2.88349164609007e-24,1.023028234133e-18
GSE134379,sesame_native,17,chr1,230492846,230493133,4,PGBD5,Body,0.0063083838141488,3.93681470719783e-24,1.3967346163373e-18
GSE134379,sesame_native,18,chr16,72981543,72982446,6,ZFHX3,Body,-0.0049130316282937,1.40439956245964e-23,4.98264111965932e-18
GSE134379,sesame_native,19,chr6,5026164,5026552,4,,,-0.0208756912995001,2.3343757836531202e-23,8.28208515530724e-18
GSE134379,sesame_native,20,chr17,77982340,77982477,3,TBC1D16,Body,-0.0111622262523702,2.5441864160565102e-23,9.02646810179858e-18
GSE134379,sesame_native,21,chr4,618114,618497,3,PDE6B,TSS1500,-0.0100107515777073,4.08583569741709e-23,1.44960547541522e-17
GSE134379,sesame_native,22,chr6,32044163,32044959,8,TNXB,Body,-0.0112869159072237,6.453040111914641e-23,2.2894611952259702e-17
GSE134379,sesame_native,23,chr17,9940004,9940227,3,GAS7,Body;1stExon;5'UTR;TSS200,-0.0177642382431601,2.13298149824096e-22,7.56756239797915e-17
GSE134379,sesame_native,24,chr15,49339070,49339272,2,SECISBP2L,TSS1500,0.0103749000224904,2.40080374642723e-22,8.51776359587423e-17
GSE134379,sesame_native,25,chr11,2292751,2293605,18,ASCL2,TSS1500,-0.0066705463963373,2.87953825566322e-22,1.02162561865024e-16
GSE284764,minfi,1,chr14,106330224,106332077,13,,,-0.0134695957973209,6.003077397319969e-11,4.76876064134742e-05
GSE284764,minfi,2,chr17,198507,198799,2,RPH3AL,5'UTR,0.0113701567504544,8.66020173846284e-09,0.0068795430182105
GSE284764,minfi,3,chr5,141338604,141338734,2,PCDH12,TSS200;1stExon;5'UTR,0.0183009261129643,3.97218438752384e-08,0.0315544766686751
GSE284764,minfi,4,chr9,80524274,80524371,2,GNAQ,Body,-0.018208063425961,5.03985629833865e-08,0.0400359128541204
GSE284764,minfi,5,chr8,142163737,142163807,2,DENND3,Body,0.0354328173816863,8.49594107561052e-08,0.0674905664728994
GSE284764,minfi,6,chr14,105239354,105239857,6,AKT1,Body,-0.0093253591034184,8.94850766312943e-08,0.0710856920848274
GSE284764,minfi,7,chr21,33867372,33867551,3,EVA1C;C21orf63,Body,0.0212483177820045,1.08003575575699e-07,0.0857965283872769
GSE284764,minfi,8,chr17,7742762,7742971,3,KDM6B,TSS1500,-0.0163497138134231,1.08515520599768e-07,0.0862032103471669
GSE284764,minfi,9,chr4,155661849,155661929,2,,,0.0213584508757864,1.1519377135375e-07,0.0915083192506198
GSE284764,minfi,10,chr13,78565200,78565346,3,LINC01069,Body,0.0216625474980559,1.30458366931914e-07,0.103634300273575
GSE284764,minfi,11,chr5,139040546,139040820,2,CXXC5,5'UTR,-0.0190357844601395,1.46890813742948e-07,0.116688005966006
GSE284764,minfi,12,chr17,52976156,52977043,6,TOM1L1,TSS1500,0.0095704852950142,2.08062604756138e-07,0.16528202034181
GSE284764,minfi,13,chr3,71804139,71804142,2,GPR27;EIF4E3,1stExon;TSS1500,0.0261883259505774,2.52861627509504e-07,0.200869736830765
GSE284764,minfi,14,chr22,29656768,29656814,2,RHBDD3,Body,-0.0170511195967107,2.81848151712905e-07,0.223896225846608
GSE284764,minfi,15,chr10,82297615,82297793,3,SH2D4B,5'UTR;1stExon;TSS200,-0.0031348134661779,2.87501267322822e-07,0.228386981743507
GSE284764,minfi,16,chr7,155790392,155790956,5,,,-0.0201669029564842,3.07697903221348e-07,0.244430906548394
GSE284764,minfi,17,chr16,1363957,1364473,4,UBE2I,5'UTR;Body,-0.0104866926710971,3.58626262927803e-07,0.284887682502166
GSE284764,minfi,18,chr19,2512999,2513302,2,GNG7,3'UTR,-0.0120234004135243,3.70731517289734e-07,0.294503927093723
GSE284764,minfi,19,chr6,170585437,170585777,3,LOC285804;FLJ38122,Body,0.0133659034748834,3.81327798137094e-07,0.302921464250934
GSE284764,minfi,20,chr1,2090814,2090849,2,PRKCZ,Body,0.017145287193332,4.10349211009418e-07,0.325975668336927
GSE284764,minfi,21,chr8,1724898,1725119,2,CLN8,Body,-0.0149653408186551,4.32683130724586e-07,0.343717421483781
GSE284764,minfi,22,chr18,8367375,8367425,2,LOC100192426;PTPRM,TSS1500;Body,0.0178005554145285,4.75298163834482e-07,0.377570207175819
GSE284764,minfi,23,chr20,32248626,32248732,2,C20orf144;NECAB3,TSS1500;Body,-0.0166776750229817,5.13558597138675e-07,0.407963759746604
GSE284764,minfi,24,chr16,731844,732232,5,STUB1;JMJD8,Body;3'UTR,-0.0089917229208966,5.30468001709904e-07,0.421396354006324
GSE284764,minfi,25,chr8,144213011,144213544,5,,,-0.0121644286543879,5.50479557651076e-07,0.437293253884208
GSE284764,sesame_strict,1,chr3,32148497,32149153,4,GPD1L,Body,0.0194303881343484,2.27465419902768e-09,0.0014174803346286
GSE284764,sesame_strict,2,chr17,52976225,52977043,5,TOM1L1,TSS1500,0.0076821825102193,4.67856053938825e-09,0.0029155058214068
GSE284764,sesame_strict,3,chr10,26506933,26507383,4,GAD2,Body,0.0252789086978023,4.96026926727414e-09,0.0030910562774023
GSE284764,sesame_strict,4,chr11,74952787,74953082,4,TPBGL,1stExon,0.0078059321683777,9.27809525124063e-09,0.0057817656710488
GSE284764,sesame_strict,5,chr7,12443191,12443699,4,VWDE,5'UTR;1stExon;Body,0.024691341057391,1.37904952767725e-08,0.0085937264081593
GSE284764,sesame_strict,6,chr1,50513927,50514460,3,ELAVL4,Body,0.0114602012915387,2.06334846781098e-08,0.0128580242124649
GSE284764,sesame_strict,7,chr1,2090814,2090849,2,PRKCZ,Body,0.0100288555551004,2.18139074640704e-08,0.0135936200170325
GSE284764,sesame_strict,8,chr6,137243669,137243891,2,SLC35D3,1stExon,0.0234303086653748,2.59718947555668e-08,0.0161847238515633
GSE284764,sesame_strict,9,chr19,4064177,4064300,2,ZBTB7A,5'UTR,0.0184415512455365,2.85285143404329e-08,0.0177779145819272
GSE284764,sesame_strict,10,chr2,231731972,231732249,2,ITM2C,Body,0.0348545855460464,3.21119034443435e-08,0.0200109500860874
GSE284764,sesame_strict,11,chr1,1001973,1002068,2,,,0.009859735497224,3.27956283545591e-08,0.0204370221523121
GSE284764,sesame_strict,12,chr17,31867,32503,5,DOC2B,TSS1500,0.0093535357759673,3.66998682959832e-08,0.0228700000269298
GSE284764,sesame_strict,13,chr13,50700845,50701050,2,DLEU2,TSS1500,0.0083178575820822,4.893264655442e-08,0.030493014824792
GSE284764,sesame_strict,14,chr6,27777858,27778236,3,HIST1H3H,1stExon,0.0260560580355654,5.25364868177157e-08,0.0327387947347882
GSE284764,sesame_strict,15,chr7,19146282,19146555,4,,,0.0298421033743141,5.59961507652145e-08,0.0348947292993034
GSE284764,sesame_strict,16,chr11,46382562,46383031,4,DGKZ,Body;TSS1500;TSS200,0.022124294054305,6.85787120768988e-08,0.0427357159539765
GSE284764,sesame_strict,17,chr8,142140021,142140182,2,DENND3,5'UTR,0.0181160466519727,8.29420136415343e-08,0.0516863940468994
GSE284764,sesame_strict,18,chr1,3370829,3370836,2,ARHGEF16,TSS1500,0.0195455095865673,9.49131596502919e-08,0.0591463693071548
GSE284764,sesame_strict,19,chr20,3766560,3766961,2,CENPB,1stExon,0.0216700941449377,9.93844688437174e-08,0.0619327237580575
GSE284764,sesame_strict,20,chr17,27038186,27039058,7,PROCA1,Body;5'UTR;1stExon;TSS200,0.0177934315215698,1.04161960969413e-07,0.0649098800835821
GSE284764,sesame_strict,21,chr3,50408111,50408331,2,CACNA2D2,Body,0.0135284107656898,1.05439886072987e-07,0.065706235724901
GSE284764,sesame_strict,22,chr6,31105337,31105927,4,PSORS1C1;PSORS1C2,Body;3'UTR,0.0189354213655969,1.11067377630034e-07,0.0692130802460647
GSE284764,sesame_strict,23,chr5,43017561,43018282,4,,,0.0310677332248722,1.1286120608347e-07,0.0703309277665932
GSE284764,sesame_strict,24,chr11,123172864,123173103,3,,,0.0240254052437654,1.19260907071289e-07,0.0743189846332658
GSE284764,sesame_strict,25,chr2,198176321,198176331,2,ANKRD44,TSS1500,0.0131832561777919,1.19571535206341e-07,0.074512556593789
GSE284764,sesame_native,1,chr3,32148497,32149153,4,GPD1L,Body,0.0194303881343484,2.27465419902768e-09,0.0016723348657419
GSE284764,sesame_native,2,chr17,52976225,52977043,5,TOM1L1,TSS1500,0.0076821825102193,4.67856053938825e-09,0.0034396964228004
GSE284764,sesame_native,3,chr1,43281678,43282600,6,ERMAP;CCDC23;SVBP,TSS200;5'UTR;TSS1500;Body,0.0192126045653239,6.847013596467711e-09,0.0050339517841774
GSE284764,sesame_native,4,chr11,74952787,74953082,4,TPBGL,1stExon,0.0078059321683777,9.27809525124063e-09,0.0068212927410931
GSE284764,sesame_native,5,chr12,58087353,58087830,4,OS9,1stExon;5'UTR;TSS200;TSS1500,0.0109274564211886,1.0172043703159e-08,0.0074785272187373
GSE284764,sesame_native,6,chr6,27777649,27778236,6,HIST1H3H,TSS200;1stExon,0.0223248114776896,1.1286190193173e-08,0.0082976521747816
GSE284764,sesame_native,7,chr7,12443191,12443699,4,VWDE,5'UTR;1stExon;Body,0.024691341057391,1.37904952767725e-08,0.0101388272894643
GSE284764,sesame_native,8,chr1,50889510,50891456,9,DMRTA2,TSS1500,0.0200023247174219,1.89286247006905e-08,0.0139164005944465
GSE284764,sesame_native,9,chr5,141338604,141338734,2,PCDH12,1stExon;5'UTR;TSS200,0.0123287264413451,1.95980117478528e-08,0.0144085366290684
GSE284764,sesame_native,10,chr1,50513927,50514460,3,ELAVL4,Body,0.0114602012915387,2.06334846781098e-08,0.015169820469285
GSE284764,sesame_native,11,chr1,2090814,2090849,2,PRKCZ,Body,0.0100288555551004,2.18139074640704e-08,0.0160376720232144
GSE284764,sesame_native,12,chr6,137243669,137243891,2,SLC35D3,1stExon,0.0234303086653748,2.59718947555668e-08,0.0190946409118717
GSE284764,sesame_native,13,chr19,4064177,4064300,2,ZBTB7A,5'UTR,0.0184415512455365,2.85285143404329e-08,0.0209742778571436
GSE284764,sesame_native,14,chr3,71180818,71181342,4,FOXP1,TSS1500;Body,0.0081049119880471,3.02667796087794e-08,0.022252257435493
GSE284764,sesame_native,15,chr2,231731972,231732249,2,ITM2C,Body,0.0348545855460464,3.21119034443435e-08,0.0236087998598951
GSE284764,sesame_native,16,chr1,1001973,1002068,2,,,0.009859735497224,3.27956283545591e-08,0.0241114771487853
GSE284764,sesame_native,17,chr17,31867,32503,5,DOC2B,TSS1500,0.0093535357759673,3.66998682959832e-08,0.02698188997068
GSE284764,sesame_native,18,chr10,94450712,94450866,4,HHEX,Body,0.0230693139168783,3.88579614235742e-08,0.0285685286704574
GSE284764,sesame_native,19,chr17,27038186,27039058,9,PROCA1,Body;5'UTR;1stExon;TSS200;TSS1500,0.0215143914783817,4.06627133520377e-08,0.0298953895072715
GSE284764,sesame_native,20,chr13,50700845,50701050,2,DLEU2,TSS1500,0.0083178575820822,4.893264655442e-08,0.0359754774773958
GSE284764,sesame_native,21,chr7,19146282,19146555,4,,,0.0298421033743141,5.59961507652145e-08,0.0411685940271888
GSE284764,sesame_native,22,chr11,46382562,46383031,4,DGKZ,Body;TSS1500;TSS200,0.022124294054305,6.85787120768988e-08,0.0504193434337843
GSE284764,sesame_native,23,chr8,142140021,142140182,2,DENND3,5'UTR,0.0181160466519727,8.29420136415343e-08,0.0609793001973106
GSE284764,sesame_native,24,chr1,3370829,3370836,2,ARHGEF16,TSS1500,0.0195455095865673,9.49131596502919e-08,0.0697805346275332
GSE284764,sesame_native,25,chr20,3766560,3766961,2,CENPB,1stExon,0.0216700941449377,9.93844688437174e-08,0.0730678590317764
GSE105109,minfi,1,chr7,1403628,1403856,3,,,-0.0145494228746011,4.6555724653544505e-23,1.53828494285749e-17
GSE105109,minfi,2,chr6,30095140,30095265,8,,,-0.0029204484799519,1.0541747305244301e-21,3.48318306110422e-16
GSE105109,minfi,3,chr1,3634811,3635210,6,TP73,Body,-0.0124698724045246,2.38857298033203e-16,7.8922750701535e-11
GSE105109,minfi,4,chr1,54619445,54619895,4,CDCP2,TSS1500;TSS200,-0.0167471270785168,5.673037437579069e-13,1.87447368405e-07
GSE105109,minfi,5,chr17,14206774,14206874,3,HS3ST3B1;MGC12916,Body;TSS200;TSS1500,-0.0099886279971371,2.77349483705478e-12,9.16412617069966e-07
GSE105109,minfi,6,chr17,39680319,39680662,3,KRT19,Body,-0.0173394516381221,2.01761487898608e-11,6.66656273084822e-06
GSE105109,minfi,7,chr11,72462963,72463424,6,ARAP1,1stExon;5'UTR,-0.0075433107828078,6.8880092930951e-11,2.2759222546059e-05
GSE105109,minfi,8,chr19,1799952,1800150,3,ATP8B3,Body,-0.0016793990863657,1.30289590064113e-10,4.30500257698041e-05
GSE105109,minfi,9,chr14,24641155,24641501,6,REC8,TSS200;1stExon;5'UTR,0.0024693918683528,2.2173836125742e-10,7.32663458499542e-05
GSE105109,minfi,10,chr14,101526807,101527072,5,MIR496;MIR377,TSS200;TSS1500,0.0125759745645785,2.2761560420292202e-10,7.52082927095212e-05
GSE105109,minfi,11,chr7,99691875,99691888,2,MIR25;MCM7;MIR106B;MIR93,TSS1500;Body;TSS200,0.0024285029962879,3.34653969901478e-10,0.0001105756954269
GSE105109,minfi,12,chr17,43862910,43863303,4,CRHR1,Body,0.00729191888108,8.04533106344958e-10,0.0002658322199322
GSE105109,minfi,13,chr4,7436259,7437156,6,SORCS2;PSAPL1,Body;TSS1500;1stExon;5'UTR;TSS200,-0.0114359072338183,1.57307483309058e-09,0.0005197722402001
GSE105109,minfi,14,chr17,77005819,77006304,3,CANT1,TSS1500;1stExon;5'UTR,0.0060179702414389,1.68817116414504e-09,0.0005578021397144
GSE105109,minfi,15,chr5,177423236,177423379,4,PROP1,TSS200;1stExon;5'UTR,-0.018835055258564,1.93243619230738e-09,0.0006385117017898
GSE105109,minfi,16,chr8,21882587,21882942,3,NPM2,5'UTR;Body,0.0086212450589712,2.1884799206061103e-09,0.0007231131584068
GSE105109,minfi,17,chr1,3387932,3388196,2,ARHGEF16,Body,-0.025993653765821,2.50159335148183e-09,0.0008265714720099
GSE105109,minfi,18,chr16,28270611,28270673,2,,,0.0046159488547715,2.7700377642473103e-09,0.000915270337987
GSE105109,minfi,19,chr19,4038489,4038854,3,,,-0.0030613116532487,3.1973787443253503e-09,0.0010564714899424
GSE105109,minfi,20,chr2,27665017,27665711,9,KRTCAP3;NRBP1,Body;1stExon;TSS1500;3'UTR;TSS200,-0.0297954743874852,3.6585354191428204e-09,0.0012088459561223
GSE105109,minfi,21,chr8,41167802,41168205,7,SFRP1,TSS1500,0.0100214825185676,5.612043572638141e-09,0.0018543202131839
GSE105109,minfi,22,chr8,142367700,142367795,2,GPR20,Body,0.0007723365693312,1.00363343123995e-08,0.0033161855108344
GSE105109,minfi,23,chr2,97174912,97175259,3,NEURL3,TSS1500,-0.0079867096151501,1.30750615570659e-08,0.0043202356895625
GSE105109,minfi,24,chr11,2951168,2951676,10,PHLDA2,TSS1500,0.0067656968266011,1.79477482996834e-08,0.0059302590976848
GSE105109,minfi,25,chr6,33094069,33094339,3,HLA-DPB2,Body,0.0206742710401685,1.83542260725211e-08,0.0060645666704302
GSE105109,sesame_strict,1,chr6,30095140,30095195,3,,,0.0034653893799494,7.425014878541469e-18,2.04222064228332e-12
GSE105109,sesame_strict,2,chr7,1403628,1403856,2,,,-0.0140008646185964,1.38306663508101e-17,3.80406945712491e-12
GSE105109,sesame_strict,3,chr6,33163202,33163333,3,RXRB,Body,0.0020474727363074,2.59741193367378e-13,7.14407762709238e-08
GSE105109,sesame_strict,4,chr1,203456691,203457058,5,PRELP,3'UTR,0.0029510515780572,1.342288383806e-12,3.69191050812305e-07
GSE105109,sesame_strict,5,chr4,52904817,52905025,3,SGCB,TSS1500,0.0121314394487549,3.09148166987085e-12,8.50299667371298e-07
GSE105109,sesame_strict,6,chr14,101526807,101527144,6,MIR377;MIR496,TSS1500;TSS200,0.0143736673243628,9.90185507929203e-12,2.72346563213896e-06
GSE105109,sesame_strict,7,chr14,101521464,101521703,8,MIR485;MIR453;MIR668,TSS200;TSS1500;Body,0.0118690693307832,1.3831103677778198e-11,3.80418974215818e-06
GSE105109,sesame_strict,8,chr1,44398998,44399492,4,ARTN,1stExon;5'UTR,0.0089887224456603,3.3888802673813e-11,9.32097962022157e-06
GSE105109,sesame_strict,9,chr6,32015297,32015651,5,TNXB,Body;TSS1500,0.0070082246844386,2.4156086539847903e-10,6.644034978439e-05
GSE105109,sesame_strict,10,chr17,77005819,77006304,5,CANT1,TSS200;TSS1500;1stExon;5'UTR,0.0056773233489191,3.8386514631618004e-10,0.0001055805730336
GSE105109,sesame_strict,11,chr7,150674596,150674753,2,KCNH2,Body,0.0120787994317895,5.40379273630216e-10,0.0001486291576948
GSE105109,sesame_strict,12,chr19,1260514,1260674,2,,,0.0132417636884907,6.679012202721011e-10,0.0001837035590309
GSE105109,sesame_strict,13,chr1,11740665,11741390,3,MAD2L2,5'UTR;TSS200,0.0092638506088174,7.94260910259875e-10,0.0002184582863233
GSE105109,sesame_strict,14,chr6,33094069,33094339,3,HLA-DPB2,Body,0.0237944254954397,9.06910518183561e-10,0.0002494421103843
GSE105109,sesame_strict,15,chr11,63974955,63975026,2,FERMT3,Body,0.0038810400378743,1.00141669385723e-09,0.0002754356559786
GSE105109,sesame_strict,16,chr11,44332507,44332838,12,ALX4,TSS1500,0.0074530041408327,2.4607973692486703e-09,0.0006768324732223
GSE105109,sesame_strict,17,chr6,139455976,139456240,6,HECA,TSS200;TSS1500,0.0049541125034357,5.031271990794511e-09,0.00138383123598
GSE105109,sesame_strict,18,chr11,64058704,64058937,3,KCNK4,5'UTR;1stExon;TSS200,0.0131989814053127,8.8838132363175e-09,0.0024434572953961
GSE105109,sesame_strict,19,chr1,6268790,6269635,6,RNF207,Body,0.0098337160961974,9.16666738005825e-09,0.0025212551962155
GSE105109,sesame_strict,20,chr4,3874006,3874057,2,,,0.0056801977630324,1.65101309501718e-08,0.0045410454773209
GSE105109,sesame_strict,21,chr20,45946271,45946429,2,ZMYND8;LOC100131496,Body;TSS1500,0.0171507411118352,1.99899341473001e-08,0.0054981514274783
GSE105109,sesame_strict,22,chr17,76920397,76920454,2,TIMP2,Body,0.007814832069497,2.6698811065489e-08,0.0073434011883184
GSE105109,sesame_strict,23,chr12,6658164,6658557,2,IFFO1,Body;1stExon;5'UTR;TSS1500,0.0198709401682024,2.89372384803217e-08,0.0079590716950585
GSE105109,sesame_strict,24,chr11,63887540,63887634,2,MACROD1,Body,0.0084282684165751,2.96476384774098e-08,0.0081544643726576
GSE105109,sesame_strict,25,chr7,99970448,99971016,3,PILRA,TSS200;TSS1500,0.0073155119507157,4.44047346091438e-08,0.0122133446353066
GSE105109,sesame_native,1,chr6,30095140,30095265,7,,,-0.0023443296465675,4.8297863330086104e-17,1.5408419040334e-11
GSE105109,sesame_native,2,chr4,154711081,154711347,8,SFRP2,TSS1500,0.0126239226265293,7.63676086080965e-13,2.43634818066324e-07
GSE105109,sesame_native,3,chr4,52904817,52905025,3,SGCB,TSS1500,0.0121314394487549,5.21615149001102e-12,1.66410359370673e-06
GSE105109,sesame_native,4,chr8,41167802,41168481,9,SFRP1,TSS1500,0.0137877517687344,5.39419784597407e-12,1.72090554460326e-06
GSE105109,sesame_native,5,chr1,203456691,203457058,5,PRELP,3'UTR,0.0029510515780572,1.45717283623736e-11,4.64880392771969e-06
GSE105109,sesame_native,6,chr2,43454929,43455046,5,ZFP36L2;LOC100129726,TSS1500;Body,-0.0067100304389501,3.2455224979257496e-11,1.03541579699076e-05
GSE105109,sesame_native,7,chr14,101521464,101521703,8,MIR485;MIR453;MIR668,TSS200;TSS1500;Body,0.0118690693307832,8.198962123038359e-11,2.6157066871508e-05
GSE105109,sesame_native,8,chr14,101526807,101527144,6,MIR377;MIR496,TSS1500;TSS200,0.0143736673243628,2.10431177628699e-10,6.71336481677063e-05
GSE105109,sesame_native,9,chr17,77005819,77006304,5,CANT1,TSS200;TSS1500;1stExon;5'UTR,0.0056773233489191,5.17090664663384e-10,0.0001649669176568
GSE105109,sesame_native,10,chr6,33094069,33094339,3,HLA-DPB2,Body,0.0237944254954397,5.61163337012305e-10,0.0001790273782436
GSE105109,sesame_native,11,chr15,101991560,101991828,3,PCSK6,Body,-0.0055232281886579,8.03890114650481e-10,0.0002564642593868
GSE105109,sesame_native,12,chr19,1260514,1260674,2,,,0.0132417636884907,1.06056103032788e-09,0.0003383497249444
GSE105109,sesame_native,13,chr1,44398998,44399492,4,ARTN,1stExon;5'UTR,0.0089887224456603,1.90301439663002e-09,0.0006071167799424
GSE105109,sesame_native,14,chr1,11740665,11741390,3,MAD2L2,5'UTR;TSS200,0.0092638506088174,2.5508721133605304e-09,0.0008138021794532
GSE105109,sesame_native,15,chr17,76920397,76920454,2,TIMP2,Body,0.007814832069497,3.78210864686161e-09,0.0012066023394996
GSE105109,sesame_native,16,chr6,32015297,32015651,5,TNXB,Body;TSS1500,0.0070082246844386,4.0765182784925705e-09,0.0013005275498692
GSE105109,sesame_native,17,chr11,44332507,44332838,12,ALX4,TSS1500,0.0074530041408327,7.89885233027334e-09,0.0025199629600747
GSE105109,sesame_native,18,chr6,139455976,139456240,6,HECA,TSS200;TSS1500,0.0049541125034357,8.569455479205981e-09,0.0027339048120756
GSE105109,sesame_native,19,chr11,63887540,63887634,2,MACROD1,Body,0.0084282684165751,1.2098395535123e-08,0.0038597390291747
GSE105109,sesame_native,20,chr17,80870163,80870923,3,TBCD,Body,0.0198418220208511,1.26568068424035e-08,0.0040378884301251
GSE105109,sesame_native,21,chr1,6268790,6269635,6,RNF207,Body,0.0098337160961974,1.59770605552207e-08,0.0050971456518714
GSE105109,sesame_native,22,chr11,64058704,64058937,3,KCNK4,5'UTR;1stExon;TSS200,0.0131989814053127,2.50982557458045e-08,0.0080070714323282
GSE105109,sesame_native,23,chr1,201438641,201439001,4,PHLDA3,TSS1500,0.0054662945082022,2.92285756326787e-08,0.0093247632555178
GSE105109,sesame_native,24,chr1,173836727,173836824,3,GAS5;SNORD76;SNORD75;SNORD77;ZBTB37,Body;TSS1500,0.0148501215487185,6.10566244072623e-08,0.0194788338280245
GSE105109,sesame_native,25,chr3,38388432,38388808,3,XYLB,Body,0.0136507925241472,8.88720845582268e-08,0.0283527722645265
GSE66351,minfi,1,chr6,10555853,10556147,2,GCNT2,5'UTR;1stExon;Body;TSS200,0.0182712108643313,5.05316331733997e-07,0.186354094031186
GSE66351,minfi,2,chr6,32025416,32025453,2,TNXB,Body,-0.0102689910977797,9.53747099758213e-07,0.351729531678532
GSE66351,minfi,3,chr5,140753076,140753415,2,PCDHGA4;PCDHGA6;PCDHGA1;PCDHGA5;PCDHGB1,Body;TSS1500,0.0248335656707917,9.76657719476382e-07,0.360178670392537
GSE66351,minfi,4,chr17,80668611,80668678,2,,,0.0022509177341909,9.8555503441502e-07,0.363459884476812
GSE66351,minfi,5,chr14,105714274,105714404,4,BRF1;BTBD6,TSS200;TSS1500;Body,0.0302493220546896,1.67945543326643e-06,0.619361330868027
GSE66351,minfi,6,chr12,33592078,33592500,3,SYT10,1stExon;5'UTR;Body,0.0001191542837217,4.57013971506478e-06,1.0
GSE66351,minfi,7,chr6,31088352,31088434,2,CDSN;PSORS1C1,TSS1500;5'UTR;TSS200,-0.0036322996611649,5.28571055404537e-06,1.0
GSE66351,minfi,8,chr2,113993052,113993304,3,PAX8;LOC440839;LOC654433,Body;TSS1500,0.0488859914669041,5.46027240093716e-06,1.0
GSE66351,minfi,9,chr15,91642911,91643003,4,SV2B,TSS1500;TSS200,-0.0178992474832844,8.15437884227157e-06,1.0
GSE66351,minfi,10,chr16,57406257,57406425,3,CX3CL1,1stExon;5'UTR;TSS200,0.006269243859781,8.73938709129952e-06,1.0
GSE66351,minfi,11,chr6,30853959,30854011,2,DDR1,5'UTR,0.0059547505687842,1.49796590239344e-05,1.0
GSE66351,minfi,12,chr8,142318540,142318841,2,,,-0.0252012197356708,1.68866446898606e-05,1.0
GSE66351,minfi,13,chr13,114828264,114828455,2,RASA3,Body,-0.0323090634322394,1.73361010670989e-05,1.0
GSE66351,minfi,14,chr16,67695950,67695984,4,PARD6A;ACD,Body;TSS1500,-0.0040918816594686,1.93067231991762e-05,1.0
GSE66351,minfi,15,chr12,77718836,77719035,2,,,0.001440511899085,2.01328486513329e-05,1.0
GSE66351,minfi,16,chr1,38022607,38022657,2,DNALI1,1stExon,0.0002104577113602,2.30505952994407e-05,1.0
GSE66351,minfi,17,chr8,144120648,144120681,2,C8orf31,1stExon;5'UTR;TSS200,0.0008667597351707,2.3799062324808e-05,1.0
GSE66351,minfi,18,chr15,91497937,91498080,2,RCCD1,TSS200,0.0168761790842864,2.57190170188052e-05,1.0
GSE66351,minfi,19,chr8,22446721,22447068,2,PDLIM2,Body,0.0012632610030154,2.57758606070478e-05,1.0
GSE66351,minfi,20,chr6,150231994,150232174,2,,,0.0059338158250099,2.66909481973567e-05,1.0
GSE66351,minfi,21,chr15,85525744,85526198,2,PDE8A,Body,0.0256251213948855,2.97670021714857e-05,1.0
GSE66351,minfi,22,chr2,198029141,198029215,2,ANKRD44,Body,0.0001536260599634,3.00020811421835e-05,1.0
GSE66351,minfi,23,chr6,32015389,32015618,2,TNXB,Body;TSS1500,-0.0056156634646029,3.24104898897039e-05,1.0
GSE66351,minfi,24,chr12,25707564,25707569,2,IFLTD1,TSS1500;Body,-0.032263198647363,3.40356634574039e-05,1.0
GSE66351,minfi,25,chr8,124195133,124195192,2,FAM83A,1stExon,-0.003826516917866,3.81624683688409e-05,1.0
GSE66351,sesame_strict,1,chr10,16561393,16561605,2,C1QL3,Body,0.0471190383038159,1.54658519174481e-06,0.441474289568748
GSE66351,sesame_strict,2,chr6,33257542,33257607,2,PFDN6;WDR46,5'UTR;TSS1500,0.0103214763557632,2.98186905852508e-06,0.851177504625042
GSE66351,sesame_strict,3,chr8,144120635,144120681,3,C8orf31,1stExon;5'UTR;TSS200,0.0080214378926414,4.63038726763992e-06,1.0
GSE66351,sesame_strict,4,chr5,134824841,134824947,2,,,0.0019698127789484,6.5033173748908e-06,1.0
GSE66351,sesame_strict,5,chr6,31632207,31633135,18,BAT4;CSNK2B,5'UTR;TSS1500;1stExon;Body,0.0059862081844139,1.105462064487e-05,1.0
GSE66351,sesame_strict,6,chr9,115142637,115142785,2,HSDL2,Body,0.015500988052084,1.83589508422753e-05,1.0
GSE66351,sesame_strict,7,chr10,134755679,134756164,4,C10orf93,Body;1stExon;TSS200,-0.0071576692834215,2.80948976794416e-05,1.0
GSE66351,sesame_strict,8,chr13,28673714,28673762,2,FLT3,Body,-0.0215055620915018,3.2310978278414e-05,1.0
GSE66351,sesame_strict,9,chr17,80553970,80554007,2,FOXK2,Body,-0.02709736504206,4.22805646425142e-05,1.0
GSE66351,sesame_strict,10,chr10,131365266,131365281,2,MGMT,Body,-0.0346779823504022,4.30400508849733e-05,1.0
GSE66351,sesame_strict,11,chr11,62473962,62473981,2,BSCL2;GNG3,Body;TSS1500;TSS200,0.0109463569278497,4.64755205973432e-05,1.0
GSE66351,sesame_strict,12,chr14,105714274,105714400,3,BRF1;BTBD6,TSS200;TSS1500;Body,0.0183848115801018,4.75602061448936e-05,1.0
GSE66351,sesame_strict,13,chr12,82152229,82152425,2,PPFIA2,5'UTR,0.0109881066535897,5.29316104713142e-05,1.0
GSE66351,sesame_strict,14,chr15,78913156,78913474,2,CHRNA3,5'UTR;1stExon,0.0175807137060968,6.46974468140723e-05,1.0
GSE66351,sesame_strict,15,chr2,97505464,97505599,2,ANKRD23,Body,-0.0141940980390804,7.16636060790518e-05,1.0
GSE66351,sesame_strict,16,chr19,57702500,57702697,2,ZNF264,TSS200;TSS1500,0.0213772038350124,7.57827684109595e-05,1.0
GSE66351,sesame_strict,17,chr12,7781004,7781093,2,,,0.10664337698099,7.83464114873609e-05,1.0
GSE66351,sesame_strict,18,chr9,71735666,71735701,2,TJP2,TSS1500,-0.0217937584364117,7.92404289222248e-05,1.0
GSE66351,sesame_strict,19,chr19,49016627,49016629,2,LMTK3,TSS200,0.0221213984844138,8.16646534964208e-05,1.0
GSE66351,sesame_strict,20,chr1,93811331,93811356,2,DR1,TSS200,0.0056152910632579,8.51842845664778e-05,1.0
GSE66351,sesame_strict,21,chr11,120110785,120110787,2,POU2F3,TSS200,0.0129804057876033,8.69779334415707e-05,1.0
GSE66351,sesame_strict,22,chr1,92949829,92950244,7,GFI1,5'UTR;TSS1500,0.0059434176227939,8.98882742355354e-05,1.0
GSE66351,sesame_strict,23,chr8,41508391,41508618,2,,,-0.0215856521744953,0.0001010183151202,1.0
GSE66351,sesame_strict,24,chr6,152126441,152126785,2,ESR1,5'UTR;TSS1500;TSS200,0.0076117612873407,0.0001017253546169,1.0
GSE66351,sesame_strict,25,chr21,46824701,46824976,3,COL18A1,TSS1500;TSS200,-0.0068489668292602,0.0001019474826135,1.0
GSE66351,sesame_native,1,chr10,16561393,16561605,2,C1QL3,Body,0.0471190383038159,2.14026894593104e-07,0.070124627852063
GSE66351,sesame_native,2,chr6,33257542,33257607,2,PFDN6;WDR46,5'UTR;TSS1500,0.0103214763557632,4.58048210113177e-07,0.150076747754322
GSE66351,sesame_native,3,chr8,144120635,144120681,3,C8orf31,1stExon;5'UTR;TSS200,0.0080214378926414,7.62741621425549e-07,0.249907715810352
GSE66351,sesame_native,4,chr5,134824841,134824947,2,,,0.0019698127789484,1.13052896047704e-06,0.370411030726539
GSE66351,sesame_native,5,chr6,31632207,31633276,22,BAT4;CSNK2B,5'UTR;TSS1500;1stExon;Body;TSS200,0.005057349793774,3.08009947731844e-06,1.0
GSE66351,sesame_native,6,chr9,115142637,115142785,2,HSDL2,Body,0.015500988052084,3.76078446709246e-06,1.0
GSE66351,sesame_native,7,chr5,140753076,140753418,2,PCDHGA4;PCDHGA6;PCDHGA1;PCDHGA5;PCDHGB1,Body;TSS1500,0.0115950009090491,4.03520225091435e-06,1.0
GSE66351,sesame_native,8,chr5,155754009,155754151,2,SGCD,1stExon;5'UTR,0.0080719513960503,4.65139602762483e-06,1.0
GSE66351,sesame_native,9,chr10,134755679,134756164,4,C10orf93,Body;1stExon;TSS200,-0.0071576692834215,6.15461582882878e-06,1.0
GSE66351,sesame_native,10,chr13,28673714,28673762,2,FLT3,Body,-0.0215055620915018,7.2358457515172e-06,1.0
GSE66351,sesame_native,11,chr17,80553970,80554007,2,FOXK2,Body,-0.02709736504206,9.87783149484974e-06,1.0
GSE66351,sesame_native,12,chr10,131365266,131365281,2,MGMT,Body,-0.0346779823504022,1.0083464205511e-05,1.0
GSE66351,sesame_native,13,chr1,871033,871546,5,SAMD11,Body,0.0010371474241519,1.04130657229329e-05,1.0
GSE66351,sesame_native,14,chr11,62473962,62473981,2,BSCL2;GNG3,Body;TSS1500;TSS200,0.0109463569278497,1.10206165458865e-05,1.0
GSE66351,sesame_native,15,chr14,105714274,105714400,3,BRF1;BTBD6,TSS200;TSS1500;Body,0.0183848115801018,1.13188052911881e-05,1.0
GSE66351,sesame_native,16,chr12,82152229,82152425,2,PPFIA2,5'UTR,0.0109881066535897,1.28107877040798e-05,1.0
GSE66351,sesame_native,17,chr17,71161160,71161415,2,SSTR2,1stExon;5'UTR,-0.0052412984512262,1.33103915463937e-05,1.0
GSE66351,sesame_native,18,chr2,219030752,219030830,2,CXCR1,5'UTR,-0.0295427883054511,1.38679695412773e-05,1.0
GSE66351,sesame_native,19,chr15,78913156,78913474,2,CHRNA3,5'UTR;1stExon,0.0175807137060968,1.61598936332044e-05,1.0
GSE66351,sesame_native,20,chr2,97505464,97505599,2,ANKRD23,Body,-0.0141940980390804,1.81894583301001e-05,1.0
GSE66351,sesame_native,21,chr19,57702500,57702697,2,ZNF264,TSS200;TSS1500,0.0213772038350124,1.94043530845746e-05,1.0
GSE66351,sesame_native,22,chr12,7781004,7781093,2,,,0.10664337698099,2.01657276926318e-05,1.0
GSE66351,sesame_native,23,chr9,71735666,71735701,2,TJP2,TSS1500,-0.0217937584364117,2.04321640563346e-05,1.0
GSE66351,sesame_native,24,chr19,49016627,49016629,2,LMTK3,TSS200,0.0221213984844138,2.11569858757706e-05,1.0
GSE66351,sesame_native,25,chr1,93811331,93811356,2,DR1,TSS200,0.0056152910632579,2.22152945286556e-05,1.0
