title	geo_accession	status	submission_date	last_update_date	type	channel_count	source_name_ch1	organism_ch1	characteristics_ch1	characteristics_ch1.1	characteristics_ch1.2	molecule_ch1	extract_protocol_ch1	label_ch1	label_protocol_ch1	taxid_ch1	hyb_protocol	scan_protocol	description	data_processing	platform_id	contact_name	contact_email	contact_laboratory	contact_department	contact_institute	contact_address	contact_city	contact_state	contact_zip/postal_code	contact_country	supplementary_file	supplementary_file.1	data_row_count	cell type:ch1	Sex:ch1	tissue:ch1
Oligodendrocytes_healthy_20130400	GSM9195114	Public on Aug 23 2025	Aug 22 2025	Aug 23 2025	genomic	1	Brain (Cingulate Gyrus)	Homo sapiens	Sex: Female	tissue: Brain (Cingulate Gyrus)	cell type: Oligodendrocytes	genomic DNA	Phenol-chloroform DNA extraction	Cy3 and Cy5	Illumina Infinium protocol	9606	Illumina Infinium protocol	Illumina Infinium protocol scanned using Illumina HIScan System	205854150033_R03C01	wateRmelon package (v2.10.0) in R environment (v4.4.1)	GPL21145	Ehsan,,Pishva	e.pishva@maastrichtuniversity.nl	Dementia Systems Biology Group	Psychiatry and Neuropsychology	Maastricht University	Universiteitssingel 40	Maastricht	Limburg	6229 ER	Netherlands	ftp://ftp.ncbi.nlm.nih.gov/geo/samples/GSM9195nnn/GSM9195114/suppl/GSM9195114_205854150033_R03C01_Grn.idat.gz	ftp://ftp.ncbi.nlm.nih.gov/geo/samples/GSM9195nnn/GSM9195114/suppl/GSM9195114_205854150033_R03C01_Red.idat.gz	0	Oligodendrocytes	Female	Brain (Cingulate Gyrus)
Astrocytes_healthy_20130400	GSM9195115	Public on Aug 23 2025	Aug 22 2025	Aug 23 2025	genomic	1	Brain (Cingulate Gyrus)	Homo sapiens	Sex: Female	tissue: Brain (Cingulate Gyrus)	cell type: Astrocytes	genomic DNA	Phenol-chloroform DNA extraction	Cy3 and Cy5	Illumina Infinium protocol	9606	Illumina Infinium protocol	Illumina Infinium protocol scanned using Illumina HIScan System	205854150033_R05C01	wateRmelon package (v2.10.0) in R environment (v4.4.1)	GPL21145	Ehsan,,Pishva	e.pishva@maastrichtuniversity.nl	Dementia Systems Biology Group	Psychiatry and Neuropsychology	Maastricht University	Universiteitssingel 40	Maastricht	Limburg	6229 ER	Netherlands	ftp://ftp.ncbi.nlm.nih.gov/geo/samples/GSM9195nnn/GSM9195115/suppl/GSM9195115_205854150033_R05C01_Grn.idat.gz	ftp://ftp.ncbi.nlm.nih.gov/geo/samples/GSM9195nnn/GSM9195115/suppl/GSM9195115_205854150033_R05C01_Red.idat.gz	0	Astrocytes	Female	Brain (Cingulate Gyrus)
Microglia_healthy_20130400	GSM9195116	Public on Aug 23 2025	Aug 22 2025	Aug 23 2025	genomic	1	Brain (Cingulate Gyrus)	Homo sapiens	Sex: Female	tissue: Brain (Cingulate Gyrus)	cell type: Microglia	genomic DNA	Phenol-chloroform DNA extraction	Cy3 and Cy5	Illumina Infinium protocol	9606	Illumina Infinium protocol	Illumina Infinium protocol scanned using Illumina HIScan System	205854150033_R06C01	wateRmelon package (v2.10.0) in R environment (v4.4.1)	GPL21145	Ehsan,,Pishva	e.pishva@maastrichtuniversity.nl	Dementia Systems Biology Group	Psychiatry and Neuropsychology	Maastricht University	Universiteitssingel 40	Maastricht	Limburg	6229 ER	Netherlands	ftp://ftp.ncbi.nlm.nih.gov/geo/samples/GSM9195nnn/GSM9195116/suppl/GSM9195116_205854150033_R06C01_Grn.idat.gz	ftp://ftp.ncbi.nlm.nih.gov/geo/samples/GSM9195nnn/GSM9195116/suppl/GSM9195116_205854150033_R06C01_Red.idat.gz	0	Microglia	Female	Brain (Cingulate Gyrus)
Neurons_healthy_20130400	GSM9195117	Public on Aug 23 2025	Aug 22 2025	Aug 23 2025	genomic	1	Brain (Cingulate Gyrus)	Homo sapiens	Sex: Female	tissue: Brain (Cingulate Gyrus)	cell type: Neurons	genomic DNA	Phenol-chloroform DNA extraction	Cy3 and Cy5	Illumina Infinium protocol	9606	Illumina Infinium protocol	Illumina Infinium protocol scanned using Illumina HIScan System	205854150033_R07C01	wateRmelon package (v2.10.0) in R environment (v4.4.1)	GPL21145	Ehsan,,Pishva	e.pishva@maastrichtuniversity.nl	Dementia Systems Biology Group	Psychiatry and Neuropsychology	Maastricht University	Universiteitssingel 40	Maastricht	Limburg	6229 ER	Netherlands	ftp://ftp.ncbi.nlm.nih.gov/geo/samples/GSM9195nnn/GSM9195117/suppl/GSM9195117_205854150033_R07C01_Grn.idat.gz	ftp://ftp.ncbi.nlm.nih.gov/geo/samples/GSM9195nnn/GSM9195117/suppl/GSM9195117_205854150033_R07C01_Red.idat.gz	0	Neurons	Female	Brain (Cingulate Gyrus)
Oligodendrocytes_healthy_PDC091	GSM9195118	Public on Aug 23 2025	Aug 22 2025	Aug 23 2025	genomic	1	Brain (Cingulate Gyrus)	Homo sapiens	Sex: Male	tissue: Brain (Cingulate Gyrus)	cell type: Oligodendrocytes	genomic DNA	Phenol-chloroform DNA extraction	Cy3 and Cy5	Illumina Infinium protocol	9606	Illumina Infinium protocol	Illumina Infinium protocol scanned using Illumina HIScan System	206154080074_R01C01	wateRmelon package (v2.10.0) in R environment (v4.4.1)	GPL21145	Ehsan,,Pishva	e.pishva@maastrichtuniversity.nl	Dementia Systems Biology Group	Psychiatry and Neuropsychology	Maastricht University	Universiteitssingel 40	Maastricht	Limburg	6229 ER	Netherlands	ftp://ftp.ncbi.nlm.nih.gov/geo/samples/GSM9195nnn/GSM9195118/suppl/GSM9195118_206154080074_R01C01_Grn.idat.gz	ftp://ftp.ncbi.nlm.nih.gov/geo/samples/GSM9195nnn/GSM9195118/suppl/GSM9195118_206154080074_R01C01_Red.idat.gz	0	Oligodendrocytes	Male	Brain (Cingulate Gyrus)
Astrocytes_healthy_PDC091	GSM9195119	Public on Aug 23 2025	Aug 22 2025	Aug 23 2025	genomic	1	Brain (Cingulate Gyrus)	Homo sapiens	Sex: Male	tissue: Brain (Cingulate Gyrus)	cell type: Astrocytes	genomic DNA	Phenol-chloroform DNA extraction	Cy3 and Cy5	Illumina Infinium protocol	9606	Illumina Infinium protocol	Illumina Infinium protocol scanned using Illumina HIScan System	206154080074_R02C01	wateRmelon package (v2.10.0) in R environment (v4.4.1)	GPL21145	Ehsan,,Pishva	e.pishva@maastrichtuniversity.nl	Dementia Systems Biology Group	Psychiatry and Neuropsychology	Maastricht University	Universiteitssingel 40	Maastricht	Limburg	6229 ER	Netherlands	ftp://ftp.ncbi.nlm.nih.gov/geo/samples/GSM9195nnn/GSM9195119/suppl/GSM9195119_206154080074_R02C01_Grn.idat.gz	ftp://ftp.ncbi.nlm.nih.gov/geo/samples/GSM9195nnn/GSM9195119/suppl/GSM9195119_206154080074_R02C01_Red.idat.gz	0	Astrocytes	Male	Brain (Cingulate Gyrus)
Neurons_healthy_PDC091	GSM9195120	Public on Aug 23 2025	Aug 22 2025	Aug 23 2025	genomic	1	Brain (Cingulate Gyrus)	Homo sapiens	Sex: Male	tissue: Brain (Cingulate Gyrus)	cell type: Neurons	genomic DNA	Phenol-chloroform DNA extraction	Cy3 and Cy5	Illumina Infinium protocol	9606	Illumina Infinium protocol	Illumina Infinium protocol scanned using Illumina HIScan System	206154080074_R06C01	wateRmelon package (v2.10.0) in R environment (v4.4.1)	GPL21145	Ehsan,,Pishva	e.pishva@maastrichtuniversity.nl	Dementia Systems Biology Group	Psychiatry and Neuropsychology	Maastricht University	Universiteitssingel 40	Maastricht	Limburg	6229 ER	Netherlands	ftp://ftp.ncbi.nlm.nih.gov/geo/samples/GSM9195nnn/GSM9195120/suppl/GSM9195120_206154080074_R06C01_Grn.idat.gz	ftp://ftp.ncbi.nlm.nih.gov/geo/samples/GSM9195nnn/GSM9195120/suppl/GSM9195120_206154080074_R06C01_Red.idat.gz	0	Neurons	Male	Brain (Cingulate Gyrus)
Microglia_healthy_PDC091	GSM9195121	Public on Aug 23 2025	Aug 22 2025	Aug 23 2025	genomic	1	Brain (Cingulate Gyrus)	Homo sapiens	Sex: Male	tissue: Brain (Cingulate Gyrus)	cell type: Microglia	genomic DNA	Phenol-chloroform DNA extraction	Cy3 and Cy5	Illumina Infinium protocol	9606	Illumina Infinium protocol	Illumina Infinium protocol scanned using Illumina HIScan System	206154080074_R08C01	wateRmelon package (v2.10.0) in R environment (v4.4.1)	GPL21145	Ehsan,,Pishva	e.pishva@maastrichtuniversity.nl	Dementia Systems Biology Group	Psychiatry and Neuropsychology	Maastricht University	Universiteitssingel 40	Maastricht	Limburg	6229 ER	Netherlands	ftp://ftp.ncbi.nlm.nih.gov/geo/samples/GSM9195nnn/GSM9195121/suppl/GSM9195121_206154080074_R08C01_Grn.idat.gz	ftp://ftp.ncbi.nlm.nih.gov/geo/samples/GSM9195nnn/GSM9195121/suppl/GSM9195121_206154080074_R08C01_Red.idat.gz	0	Microglia	Male	Brain (Cingulate Gyrus)
Microglia_healthy_20174918	GSM9195122	Public on Aug 23 2025	Aug 22 2025	Aug 23 2025	genomic	1	Brain (Cingulate Gyrus)	Homo sapiens	Sex: Female	tissue: Brain (Cingulate Gyrus)	cell type: Microglia	genomic DNA	Phenol-chloroform DNA extraction	Cy3 and Cy5	Illumina Infinium protocol	9606	Illumina Infinium protocol	Illumina Infinium protocol scanned using Illumina HIScan System	206154080123_R02C01	wateRmelon package (v2.10.0) in R environment (v4.4.1)	GPL21145	Ehsan,,Pishva	e.pishva@maastrichtuniversity.nl	Dementia Systems Biology Group	Psychiatry and Neuropsychology	Maastricht University	Universiteitssingel 40	Maastricht	Limburg	6229 ER	Netherlands	ftp://ftp.ncbi.nlm.nih.gov/geo/samples/GSM9195nnn/GSM9195122/suppl/GSM9195122_206154080123_R02C01_Grn.idat.gz	ftp://ftp.ncbi.nlm.nih.gov/geo/samples/GSM9195nnn/GSM9195122/suppl/GSM9195122_206154080123_R02C01_Red.idat.gz	0	Microglia	Female	Brain (Cingulate Gyrus)
Astrocytes_healthy_20174918	GSM9195123	Public on Aug 23 2025	Aug 22 2025	Aug 23 2025	genomic	1	Brain (Cingulate Gyrus)	Homo sapiens	Sex: Female	tissue: Brain (Cingulate Gyrus)	cell type: Astrocytes	genomic DNA	Phenol-chloroform DNA extraction	Cy3 and Cy5	Illumina Infinium protocol	9606	Illumina Infinium protocol	Illumina Infinium protocol scanned using Illumina HIScan System	206154080123_R04C01	wateRmelon package (v2.10.0) in R environment (v4.4.1)	GPL21145	Ehsan,,Pishva	e.pishva@maastrichtuniversity.nl	Dementia Systems Biology Group	Psychiatry and Neuropsychology	Maastricht University	Universiteitssingel 40	Maastricht	Limburg	6229 ER	Netherlands	ftp://ftp.ncbi.nlm.nih.gov/geo/samples/GSM9195nnn/GSM9195123/suppl/GSM9195123_206154080123_R04C01_Grn.idat.gz	ftp://ftp.ncbi.nlm.nih.gov/geo/samples/GSM9195nnn/GSM9195123/suppl/GSM9195123_206154080123_R04C01_Red.idat.gz	0	Astrocytes	Female	Brain (Cingulate Gyrus)
Oligodendrocytes_healthy_20174918	GSM9195124	Public on Aug 23 2025	Aug 22 2025	Aug 23 2025	genomic	1	Brain (Cingulate Gyrus)	Homo sapiens	Sex: Female	tissue: Brain (Cingulate Gyrus)	cell type: Oligodendrocytes	genomic DNA	Phenol-chloroform DNA extraction	Cy3 and Cy5	Illumina Infinium protocol	9606	Illumina Infinium protocol	Illumina Infinium protocol scanned using Illumina HIScan System	206154080123_R07C01	wateRmelon package (v2.10.0) in R environment (v4.4.1)	GPL21145	Ehsan,,Pishva	e.pishva@maastrichtuniversity.nl	Dementia Systems Biology Group	Psychiatry and Neuropsychology	Maastricht University	Universiteitssingel 40	Maastricht	Limburg	6229 ER	Netherlands	ftp://ftp.ncbi.nlm.nih.gov/geo/samples/GSM9195nnn/GSM9195124/suppl/GSM9195124_206154080123_R07C01_Grn.idat.gz	ftp://ftp.ncbi.nlm.nih.gov/geo/samples/GSM9195nnn/GSM9195124/suppl/GSM9195124_206154080123_R07C01_Red.idat.gz	0	Oligodendrocytes	Female	Brain (Cingulate Gyrus)
Neurons_healthy_20174918	GSM9195125	Public on Aug 23 2025	Aug 22 2025	Aug 23 2025	genomic	1	Brain (Cingulate Gyrus)	Homo sapiens	Sex: Female	tissue: Brain (Cingulate Gyrus)	cell type: Neurons	genomic DNA	Phenol-chloroform DNA extraction	Cy3 and Cy5	Illumina Infinium protocol	9606	Illumina Infinium protocol	Illumina Infinium protocol scanned using Illumina HIScan System	206154080123_R08C01	wateRmelon package (v2.10.0) in R environment (v4.4.1)	GPL21145	Ehsan,,Pishva	e.pishva@maastrichtuniversity.nl	Dementia Systems Biology Group	Psychiatry and Neuropsychology	Maastricht University	Universiteitssingel 40	Maastricht	Limburg	6229 ER	Netherlands	ftp://ftp.ncbi.nlm.nih.gov/geo/samples/GSM9195nnn/GSM9195125/suppl/GSM9195125_206154080123_R08C01_Grn.idat.gz	ftp://ftp.ncbi.nlm.nih.gov/geo/samples/GSM9195nnn/GSM9195125/suppl/GSM9195125_206154080123_R08C01_Red.idat.gz	0	Neurons	Female	Brain (Cingulate Gyrus)
Neurons_healthy_20140411	GSM9195126	Public on Aug 23 2025	Aug 22 2025	Aug 23 2025	genomic	1	Brain (Cingulate Gyrus)	Homo sapiens	Sex: Male	tissue: Brain (Cingulate Gyrus)	cell type: Neurons	genomic DNA	Phenol-chloroform DNA extraction	Cy3 and Cy5	Illumina Infinium protocol	9606	Illumina Infinium protocol	Illumina Infinium protocol scanned using Illumina HIScan System	206154250020_R03C01	wateRmelon package (v2.10.0) in R environment (v4.4.1)	GPL21145	Ehsan,,Pishva	e.pishva@maastrichtuniversity.nl	Dementia Systems Biology Group	Psychiatry and Neuropsychology	Maastricht University	Universiteitssingel 40	Maastricht	Limburg	6229 ER	Netherlands	ftp://ftp.ncbi.nlm.nih.gov/geo/samples/GSM9195nnn/GSM9195126/suppl/GSM9195126_206154250020_R03C01_Grn.idat.gz	ftp://ftp.ncbi.nlm.nih.gov/geo/samples/GSM9195nnn/GSM9195126/suppl/GSM9195126_206154250020_R03C01_Red.idat.gz	0	Neurons	Male	Brain (Cingulate Gyrus)
Astrocytes_healthy_20140411	GSM9195127	Public on Aug 23 2025	Aug 22 2025	Aug 23 2025	genomic	1	Brain (Cingulate Gyrus)	Homo sapiens	Sex: Male	tissue: Brain (Cingulate Gyrus)	cell type: Astrocytes	genomic DNA	Phenol-chloroform DNA extraction	Cy3 and Cy5	Illumina Infinium protocol	9606	Illumina Infinium protocol	Illumina Infinium protocol scanned using Illumina HIScan System	206154250020_R05C01	wateRmelon package (v2.10.0) in R environment (v4.4.1)	GPL21145	Ehsan,,Pishva	e.pishva@maastrichtuniversity.nl	Dementia Systems Biology Group	Psychiatry and Neuropsychology	Maastricht University	Universiteitssingel 40	Maastricht	Limburg	6229 ER	Netherlands	ftp://ftp.ncbi.nlm.nih.gov/geo/samples/GSM9195nnn/GSM9195127/suppl/GSM9195127_206154250020_R05C01_Grn.idat.gz	ftp://ftp.ncbi.nlm.nih.gov/geo/samples/GSM9195nnn/GSM9195127/suppl/GSM9195127_206154250020_R05C01_Red.idat.gz	0	Astrocytes	Male	Brain (Cingulate Gyrus)
Oligodendrocytes_healthy_20140411	GSM9195128	Public on Aug 23 2025	Aug 22 2025	Aug 23 2025	genomic	1	Brain (Cingulate Gyrus)	Homo sapiens	Sex: Male	tissue: Brain (Cingulate Gyrus)	cell type: Oligodendrocytes	genomic DNA	Phenol-chloroform DNA extraction	Cy3 and Cy5	Illumina Infinium protocol	9606	Illumina Infinium protocol	Illumina Infinium protocol scanned using Illumina HIScan System	206154250020_R08C01	wateRmelon package (v2.10.0) in R environment (v4.4.1)	GPL21145	Ehsan,,Pishva	e.pishva@maastrichtuniversity.nl	Dementia Systems Biology Group	Psychiatry and Neuropsychology	Maastricht University	Universiteitssingel 40	Maastricht	Limburg	6229 ER	Netherlands	ftp://ftp.ncbi.nlm.nih.gov/geo/samples/GSM9195nnn/GSM9195128/suppl/GSM9195128_206154250020_R08C01_Grn.idat.gz	ftp://ftp.ncbi.nlm.nih.gov/geo/samples/GSM9195nnn/GSM9195128/suppl/GSM9195128_206154250020_R08C01_Red.idat.gz	0	Oligodendrocytes	Male	Brain (Cingulate Gyrus)
Microglia_healthy_20110891	GSM9195129	Public on Aug 23 2025	Aug 22 2025	Aug 23 2025	genomic	1	Brain (Cingulate Gyrus)	Homo sapiens	Sex: Male	tissue: Brain (Cingulate Gyrus)	cell type: Microglia	genomic DNA	Phenol-chloroform DNA extraction	Cy3 and Cy5	Illumina Infinium protocol	9606	Illumina Infinium protocol	Illumina Infinium protocol scanned using Illumina HIScan System	206154250078_R03C01	wateRmelon package (v2.10.0) in R environment (v4.4.1)	GPL21145	Ehsan,,Pishva	e.pishva@maastrichtuniversity.nl	Dementia Systems Biology Group	Psychiatry and Neuropsychology	Maastricht University	Universiteitssingel 40	Maastricht	Limburg	6229 ER	Netherlands	ftp://ftp.ncbi.nlm.nih.gov/geo/samples/GSM9195nnn/GSM9195129/suppl/GSM9195129_206154250078_R03C01_Grn.idat.gz	ftp://ftp.ncbi.nlm.nih.gov/geo/samples/GSM9195nnn/GSM9195129/suppl/GSM9195129_206154250078_R03C01_Red.idat.gz	0	Microglia	Male	Brain (Cingulate Gyrus)
Oligodendrocytes_healthy_20110891	GSM9195130	Public on Aug 23 2025	Aug 22 2025	Aug 23 2025	genomic	1	Brain (Cingulate Gyrus)	Homo sapiens	Sex: Male	tissue: Brain (Cingulate Gyrus)	cell type: Oligodendrocytes	genomic DNA	Phenol-chloroform DNA extraction	Cy3 and Cy5	Illumina Infinium protocol	9606	Illumina Infinium protocol	Illumina Infinium protocol scanned using Illumina HIScan System	206154250078_R04C01	wateRmelon package (v2.10.0) in R environment (v4.4.1)	GPL21145	Ehsan,,Pishva	e.pishva@maastrichtuniversity.nl	Dementia Systems Biology Group	Psychiatry and Neuropsychology	Maastricht University	Universiteitssingel 40	Maastricht	Limburg	6229 ER	Netherlands	ftp://ftp.ncbi.nlm.nih.gov/geo/samples/GSM9195nnn/GSM9195130/suppl/GSM9195130_206154250078_R04C01_Grn.idat.gz	ftp://ftp.ncbi.nlm.nih.gov/geo/samples/GSM9195nnn/GSM9195130/suppl/GSM9195130_206154250078_R04C01_Red.idat.gz	0	Oligodendrocytes	Male	Brain (Cingulate Gyrus)
Astrocytes_healthy_20110891	GSM9195131	Public on Aug 23 2025	Aug 22 2025	Aug 23 2025	genomic	1	Brain (Cingulate Gyrus)	Homo sapiens	Sex: Male	tissue: Brain (Cingulate Gyrus)	cell type: Astrocytes	genomic DNA	Phenol-chloroform DNA extraction	Cy3 and Cy5	Illumina Infinium protocol	9606	Illumina Infinium protocol	Illumina Infinium protocol scanned using Illumina HIScan System	206154250078_R06C01	wateRmelon package (v2.10.0) in R environment (v4.4.1)	GPL21145	Ehsan,,Pishva	e.pishva@maastrichtuniversity.nl	Dementia Systems Biology Group	Psychiatry and Neuropsychology	Maastricht University	Universiteitssingel 40	Maastricht	Limburg	6229 ER	Netherlands	ftp://ftp.ncbi.nlm.nih.gov/geo/samples/GSM9195nnn/GSM9195131/suppl/GSM9195131_206154250078_R06C01_Grn.idat.gz	ftp://ftp.ncbi.nlm.nih.gov/geo/samples/GSM9195nnn/GSM9195131/suppl/GSM9195131_206154250078_R06C01_Red.idat.gz	0	Astrocytes	Male	Brain (Cingulate Gyrus)
Neurons_healthy_20110891	GSM9195132	Public on Aug 23 2025	Aug 22 2025	Aug 23 2025	genomic	1	Brain (Cingulate Gyrus)	Homo sapiens	Sex: Male	tissue: Brain (Cingulate Gyrus)	cell type: Neurons	genomic DNA	Phenol-chloroform DNA extraction	Cy3 and Cy5	Illumina Infinium protocol	9606	Illumina Infinium protocol	Illumina Infinium protocol scanned using Illumina HIScan System	206154250078_R07C01	wateRmelon package (v2.10.0) in R environment (v4.4.1)	GPL21145	Ehsan,,Pishva	e.pishva@maastrichtuniversity.nl	Dementia Systems Biology Group	Psychiatry and Neuropsychology	Maastricht University	Universiteitssingel 40	Maastricht	Limburg	6229 ER	Netherlands	ftp://ftp.ncbi.nlm.nih.gov/geo/samples/GSM9195nnn/GSM9195132/suppl/GSM9195132_206154250078_R07C01_Grn.idat.gz	ftp://ftp.ncbi.nlm.nih.gov/geo/samples/GSM9195nnn/GSM9195132/suppl/GSM9195132_206154250078_R07C01_Red.idat.gz	0	Neurons	Male	Brain (Cingulate Gyrus)
Oligodendrocytes_healthy_PDC128	GSM9195133	Public on Aug 23 2025	Aug 22 2025	Aug 23 2025	genomic	1	Brain (Cingulate Gyrus)	Homo sapiens	Sex: Female	tissue: Brain (Cingulate Gyrus)	cell type: Oligodendrocytes	genomic DNA	Phenol-chloroform DNA extraction	Cy3 and Cy5	Illumina Infinium protocol	9606	Illumina Infinium protocol	Illumina Infinium protocol scanned using Illumina HIScan System	206154250088_R01C01	wateRmelon package (v2.10.0) in R environment (v4.4.1)	GPL21145	Ehsan,,Pishva	e.pishva@maastrichtuniversity.nl	Dementia Systems Biology Group	Psychiatry and Neuropsychology	Maastricht University	Universiteitssingel 40	Maastricht	Limburg	6229 ER	Netherlands	ftp://ftp.ncbi.nlm.nih.gov/geo/samples/GSM9195nnn/GSM9195133/suppl/GSM9195133_206154250088_R01C01_Grn.idat.gz	ftp://ftp.ncbi.nlm.nih.gov/geo/samples/GSM9195nnn/GSM9195133/suppl/GSM9195133_206154250088_R01C01_Red.idat.gz	0	Oligodendrocytes	Female	Brain (Cingulate Gyrus)
Astrocytes_healthy_PDC128	GSM9195134	Public on Aug 23 2025	Aug 22 2025	Aug 23 2025	genomic	1	Brain (Cingulate Gyrus)	Homo sapiens	Sex: Female	tissue: Brain (Cingulate Gyrus)	cell type: Astrocytes	genomic DNA	Phenol-chloroform DNA extraction	Cy3 and Cy5	Illumina Infinium protocol	9606	Illumina Infinium protocol	Illumina Infinium protocol scanned using Illumina HIScan System	206154250088_R03C01	wateRmelon package (v2.10.0) in R environment (v4.4.1)	GPL21145	Ehsan,,Pishva	e.pishva@maastrichtuniversity.nl	Dementia Systems Biology Group	Psychiatry and Neuropsychology	Maastricht University	Universiteitssingel 40	Maastricht	Limburg	6229 ER	Netherlands	ftp://ftp.ncbi.nlm.nih.gov/geo/samples/GSM9195nnn/GSM9195134/suppl/GSM9195134_206154250088_R03C01_Grn.idat.gz	ftp://ftp.ncbi.nlm.nih.gov/geo/samples/GSM9195nnn/GSM9195134/suppl/GSM9195134_206154250088_R03C01_Red.idat.gz	0	Astrocytes	Female	Brain (Cingulate Gyrus)
Microglia_healthy_PDC128	GSM9195135	Public on Aug 23 2025	Aug 22 2025	Aug 23 2025	genomic	1	Brain (Cingulate Gyrus)	Homo sapiens	Sex: Female	tissue: Brain (Cingulate Gyrus)	cell type: Microglia	genomic DNA	Phenol-chloroform DNA extraction	Cy3 and Cy5	Illumina Infinium protocol	9606	Illumina Infinium protocol	Illumina Infinium protocol scanned using Illumina HIScan System	206154250088_R04C01	wateRmelon package (v2.10.0) in R environment (v4.4.1)	GPL21145	Ehsan,,Pishva	e.pishva@maastrichtuniversity.nl	Dementia Systems Biology Group	Psychiatry and Neuropsychology	Maastricht University	Universiteitssingel 40	Maastricht	Limburg	6229 ER	Netherlands	ftp://ftp.ncbi.nlm.nih.gov/geo/samples/GSM9195nnn/GSM9195135/suppl/GSM9195135_206154250088_R04C01_Grn.idat.gz	ftp://ftp.ncbi.nlm.nih.gov/geo/samples/GSM9195nnn/GSM9195135/suppl/GSM9195135_206154250088_R04C01_Red.idat.gz	0	Microglia	Female	Brain (Cingulate Gyrus)
Neurons_healthy_PDC128	GSM9195136	Public on Aug 23 2025	Aug 22 2025	Aug 23 2025	genomic	1	Brain (Cingulate Gyrus)	Homo sapiens	Sex: Female	tissue: Brain (Cingulate Gyrus)	cell type: Neurons	genomic DNA	Phenol-chloroform DNA extraction	Cy3 and Cy5	Illumina Infinium protocol	9606	Illumina Infinium protocol	Illumina Infinium protocol scanned using Illumina HIScan System	206154250088_R06C01	wateRmelon package (v2.10.0) in R environment (v4.4.1)	GPL21145	Ehsan,,Pishva	e.pishva@maastrichtuniversity.nl	Dementia Systems Biology Group	Psychiatry and Neuropsychology	Maastricht University	Universiteitssingel 40	Maastricht	Limburg	6229 ER	Netherlands	ftp://ftp.ncbi.nlm.nih.gov/geo/samples/GSM9195nnn/GSM9195136/suppl/GSM9195136_206154250088_R06C01_Grn.idat.gz	ftp://ftp.ncbi.nlm.nih.gov/geo/samples/GSM9195nnn/GSM9195136/suppl/GSM9195136_206154250088_R06C01_Red.idat.gz	0	Neurons	Female	Brain (Cingulate Gyrus)
Microglia_healthy_20163918	GSM9195137	Public on Aug 23 2025	Aug 22 2025	Aug 23 2025	genomic	1	Brain (Cingulate Gyrus)	Homo sapiens	Sex: Female	tissue: Brain (Cingulate Gyrus)	cell type: Microglia	genomic DNA	Phenol-chloroform DNA extraction	Cy3 and Cy5	Illumina Infinium protocol	9606	Illumina Infinium protocol	Illumina Infinium protocol scanned using Illumina HIScan System	206154250090_R01C01	wateRmelon package (v2.10.0) in R environment (v4.4.1)	GPL21145	Ehsan,,Pishva	e.pishva@maastrichtuniversity.nl	Dementia Systems Biology Group	Psychiatry and Neuropsychology	Maastricht University	Universiteitssingel 40	Maastricht	Limburg	6229 ER	Netherlands	ftp://ftp.ncbi.nlm.nih.gov/geo/samples/GSM9195nnn/GSM9195137/suppl/GSM9195137_206154250090_R01C01_Grn.idat.gz	ftp://ftp.ncbi.nlm.nih.gov/geo/samples/GSM9195nnn/GSM9195137/suppl/GSM9195137_206154250090_R01C01_Red.idat.gz	0	Microglia	Female	Brain (Cingulate Gyrus)
Astrocytes_healthy_20163918	GSM9195138	Public on Aug 23 2025	Aug 22 2025	Aug 23 2025	genomic	1	Brain (Cingulate Gyrus)	Homo sapiens	Sex: Female	tissue: Brain (Cingulate Gyrus)	cell type: Astrocytes	genomic DNA	Phenol-chloroform DNA extraction	Cy3 and Cy5	Illumina Infinium protocol	9606	Illumina Infinium protocol	Illumina Infinium protocol scanned using Illumina HIScan System	206154250090_R02C01	wateRmelon package (v2.10.0) in R environment (v4.4.1)	GPL21145	Ehsan,,Pishva	e.pishva@maastrichtuniversity.nl	Dementia Systems Biology Group	Psychiatry and Neuropsychology	Maastricht University	Universiteitssingel 40	Maastricht	Limburg	6229 ER	Netherlands	ftp://ftp.ncbi.nlm.nih.gov/geo/samples/GSM9195nnn/GSM9195138/suppl/GSM9195138_206154250090_R02C01_Grn.idat.gz	ftp://ftp.ncbi.nlm.nih.gov/geo/samples/GSM9195nnn/GSM9195138/suppl/GSM9195138_206154250090_R02C01_Red.idat.gz	0	Astrocytes	Female	Brain (Cingulate Gyrus)
Neurons_healthy_20163918	GSM9195139	Public on Aug 23 2025	Aug 22 2025	Aug 23 2025	genomic	1	Brain (Cingulate Gyrus)	Homo sapiens	Sex: Female	tissue: Brain (Cingulate Gyrus)	cell type: Neurons	genomic DNA	Phenol-chloroform DNA extraction	Cy3 and Cy5	Illumina Infinium protocol	9606	Illumina Infinium protocol	Illumina Infinium protocol scanned using Illumina HIScan System	206154250090_R04C01	wateRmelon package (v2.10.0) in R environment (v4.4.1)	GPL21145	Ehsan,,Pishva	e.pishva@maastrichtuniversity.nl	Dementia Systems Biology Group	Psychiatry and Neuropsychology	Maastricht University	Universiteitssingel 40	Maastricht	Limburg	6229 ER	Netherlands	ftp://ftp.ncbi.nlm.nih.gov/geo/samples/GSM9195nnn/GSM9195139/suppl/GSM9195139_206154250090_R04C01_Grn.idat.gz	ftp://ftp.ncbi.nlm.nih.gov/geo/samples/GSM9195nnn/GSM9195139/suppl/GSM9195139_206154250090_R04C01_Red.idat.gz	0	Neurons	Female	Brain (Cingulate Gyrus)
Oligodendrocytes_healthy_20163918	GSM9195140	Public on Aug 23 2025	Aug 22 2025	Aug 23 2025	genomic	1	Brain (Cingulate Gyrus)	Homo sapiens	Sex: Female	tissue: Brain (Cingulate Gyrus)	cell type: Oligodendrocytes	genomic DNA	Phenol-chloroform DNA extraction	Cy3 and Cy5	Illumina Infinium protocol	9606	Illumina Infinium protocol	Illumina Infinium protocol scanned using Illumina HIScan System	206154250090_R08C01	wateRmelon package (v2.10.0) in R environment (v4.4.1)	GPL21145	Ehsan,,Pishva	e.pishva@maastrichtuniversity.nl	Dementia Systems Biology Group	Psychiatry and Neuropsychology	Maastricht University	Universiteitssingel 40	Maastricht	Limburg	6229 ER	Netherlands	ftp://ftp.ncbi.nlm.nih.gov/geo/samples/GSM9195nnn/GSM9195140/suppl/GSM9195140_206154250090_R08C01_Grn.idat.gz	ftp://ftp.ncbi.nlm.nih.gov/geo/samples/GSM9195nnn/GSM9195140/suppl/GSM9195140_206154250090_R08C01_Red.idat.gz	0	Oligodendrocytes	Female	Brain (Cingulate Gyrus)
Neurons_healthy_20131187	GSM9195141	Public on Aug 23 2025	Aug 22 2025	Aug 23 2025	genomic	1	Brain (Cingulate Gyrus)	Homo sapiens	Sex: Male	tissue: Brain (Cingulate Gyrus)	cell type: Neurons	genomic DNA	Phenol-chloroform DNA extraction	Cy3 and Cy5	Illumina Infinium protocol	9606	Illumina Infinium protocol	Illumina Infinium protocol scanned using Illumina HIScan System	206154250093_R03C01	wateRmelon package (v2.10.0) in R environment (v4.4.1)	GPL21145	Ehsan,,Pishva	e.pishva@maastrichtuniversity.nl	Dementia Systems Biology Group	Psychiatry and Neuropsychology	Maastricht University	Universiteitssingel 40	Maastricht	Limburg	6229 ER	Netherlands	ftp://ftp.ncbi.nlm.nih.gov/geo/samples/GSM9195nnn/GSM9195141/suppl/GSM9195141_206154250093_R03C01_Grn.idat.gz	ftp://ftp.ncbi.nlm.nih.gov/geo/samples/GSM9195nnn/GSM9195141/suppl/GSM9195141_206154250093_R03C01_Red.idat.gz	0	Neurons	Male	Brain (Cingulate Gyrus)
Oligodendrocytes_healthy_20131187	GSM9195142	Public on Aug 23 2025	Aug 22 2025	Aug 23 2025	genomic	1	Brain (Cingulate Gyrus)	Homo sapiens	Sex: Male	tissue: Brain (Cingulate Gyrus)	cell type: Oligodendrocytes	genomic DNA	Phenol-chloroform DNA extraction	Cy3 and Cy5	Illumina Infinium protocol	9606	Illumina Infinium protocol	Illumina Infinium protocol scanned using Illumina HIScan System	206154250093_R04C01	wateRmelon package (v2.10.0) in R environment (v4.4.1)	GPL21145	Ehsan,,Pishva	e.pishva@maastrichtuniversity.nl	Dementia Systems Biology Group	Psychiatry and Neuropsychology	Maastricht University	Universiteitssingel 40	Maastricht	Limburg	6229 ER	Netherlands	ftp://ftp.ncbi.nlm.nih.gov/geo/samples/GSM9195nnn/GSM9195142/suppl/GSM9195142_206154250093_R04C01_Grn.idat.gz	ftp://ftp.ncbi.nlm.nih.gov/geo/samples/GSM9195nnn/GSM9195142/suppl/GSM9195142_206154250093_R04C01_Red.idat.gz	0	Oligodendrocytes	Male	Brain (Cingulate Gyrus)
Astrocytes_healthy_20131187	GSM9195143	Public on Aug 23 2025	Aug 22 2025	Aug 23 2025	genomic	1	Brain (Cingulate Gyrus)	Homo sapiens	Sex: Male	tissue: Brain (Cingulate Gyrus)	cell type: Astrocytes	genomic DNA	Phenol-chloroform DNA extraction	Cy3 and Cy5	Illumina Infinium protocol	9606	Illumina Infinium protocol	Illumina Infinium protocol scanned using Illumina HIScan System	206154250093_R05C01	wateRmelon package (v2.10.0) in R environment (v4.4.1)	GPL21145	Ehsan,,Pishva	e.pishva@maastrichtuniversity.nl	Dementia Systems Biology Group	Psychiatry and Neuropsychology	Maastricht University	Universiteitssingel 40	Maastricht	Limburg	6229 ER	Netherlands	ftp://ftp.ncbi.nlm.nih.gov/geo/samples/GSM9195nnn/GSM9195143/suppl/GSM9195143_206154250093_R05C01_Grn.idat.gz	ftp://ftp.ncbi.nlm.nih.gov/geo/samples/GSM9195nnn/GSM9195143/suppl/GSM9195143_206154250093_R05C01_Red.idat.gz	0	Astrocytes	Male	Brain (Cingulate Gyrus)
Microglia_healthy_20131187	GSM9195144	Public on Aug 23 2025	Aug 22 2025	Aug 23 2025	genomic	1	Brain (Cingulate Gyrus)	Homo sapiens	Sex: Male	tissue: Brain (Cingulate Gyrus)	cell type: Microglia	genomic DNA	Phenol-chloroform DNA extraction	Cy3 and Cy5	Illumina Infinium protocol	9606	Illumina Infinium protocol	Illumina Infinium protocol scanned using Illumina HIScan System	206154250093_R07C01	wateRmelon package (v2.10.0) in R environment (v4.4.1)	GPL21145	Ehsan,,Pishva	e.pishva@maastrichtuniversity.nl	Dementia Systems Biology Group	Psychiatry and Neuropsychology	Maastricht University	Universiteitssingel 40	Maastricht	Limburg	6229 ER	Netherlands	ftp://ftp.ncbi.nlm.nih.gov/geo/samples/GSM9195nnn/GSM9195144/suppl/GSM9195144_206154250093_R07C01_Grn.idat.gz	ftp://ftp.ncbi.nlm.nih.gov/geo/samples/GSM9195nnn/GSM9195144/suppl/GSM9195144_206154250093_R07C01_Red.idat.gz	0	Microglia	Male	Brain (Cingulate Gyrus)
Microglia_healthy_20141901	GSM9195145	Public on Aug 23 2025	Aug 22 2025	Aug 23 2025	genomic	1	Brain (Cingulate Gyrus)	Homo sapiens	Sex: Female	tissue: Brain (Cingulate Gyrus)	cell type: Microglia	genomic DNA	Phenol-chloroform DNA extraction	Cy3 and Cy5	Illumina Infinium protocol	9606	Illumina Infinium protocol	Illumina Infinium protocol scanned using Illumina HIScan System	206513950089_R01C01	wateRmelon package (v2.10.0) in R environment (v4.4.1)	GPL21145	Ehsan,,Pishva	e.pishva@maastrichtuniversity.nl	Dementia Systems Biology Group	Psychiatry and Neuropsychology	Maastricht University	Universiteitssingel 40	Maastricht	Limburg	6229 ER	Netherlands	ftp://ftp.ncbi.nlm.nih.gov/geo/samples/GSM9195nnn/GSM9195145/suppl/GSM9195145_206513950089_R01C01_Grn.idat.gz	ftp://ftp.ncbi.nlm.nih.gov/geo/samples/GSM9195nnn/GSM9195145/suppl/GSM9195145_206513950089_R01C01_Red.idat.gz	0	Microglia	Female	Brain (Cingulate Gyrus)
Oligodendrocytes_healthy_20141901	GSM9195146	Public on Aug 23 2025	Aug 22 2025	Aug 23 2025	genomic	1	Brain (Cingulate Gyrus)	Homo sapiens	Sex: Female	tissue: Brain (Cingulate Gyrus)	cell type: Oligodendrocytes	genomic DNA	Phenol-chloroform DNA extraction	Cy3 and Cy5	Illumina Infinium protocol	9606	Illumina Infinium protocol	Illumina Infinium protocol scanned using Illumina HIScan System	206513950089_R02C01	wateRmelon package (v2.10.0) in R environment (v4.4.1)	GPL21145	Ehsan,,Pishva	e.pishva@maastrichtuniversity.nl	Dementia Systems Biology Group	Psychiatry and Neuropsychology	Maastricht University	Universiteitssingel 40	Maastricht	Limburg	6229 ER	Netherlands	ftp://ftp.ncbi.nlm.nih.gov/geo/samples/GSM9195nnn/GSM9195146/suppl/GSM9195146_206513950089_R02C01_Grn.idat.gz	ftp://ftp.ncbi.nlm.nih.gov/geo/samples/GSM9195nnn/GSM9195146/suppl/GSM9195146_206513950089_R02C01_Red.idat.gz	0	Oligodendrocytes	Female	Brain (Cingulate Gyrus)
Neurons_healthy_20141901	GSM9195147	Public on Aug 23 2025	Aug 22 2025	Aug 23 2025	genomic	1	Brain (Cingulate Gyrus)	Homo sapiens	Sex: Female	tissue: Brain (Cingulate Gyrus)	cell type: Neurons	genomic DNA	Phenol-chloroform DNA extraction	Cy3 and Cy5	Illumina Infinium protocol	9606	Illumina Infinium protocol	Illumina Infinium protocol scanned using Illumina HIScan System	206513950089_R04C01	wateRmelon package (v2.10.0) in R environment (v4.4.1)	GPL21145	Ehsan,,Pishva	e.pishva@maastrichtuniversity.nl	Dementia Systems Biology Group	Psychiatry and Neuropsychology	Maastricht University	Universiteitssingel 40	Maastricht	Limburg	6229 ER	Netherlands	ftp://ftp.ncbi.nlm.nih.gov/geo/samples/GSM9195nnn/GSM9195147/suppl/GSM9195147_206513950089_R04C01_Grn.idat.gz	ftp://ftp.ncbi.nlm.nih.gov/geo/samples/GSM9195nnn/GSM9195147/suppl/GSM9195147_206513950089_R04C01_Red.idat.gz	0	Neurons	Female	Brain (Cingulate Gyrus)
Astrocytes_healthy_20141901	GSM9195148	Public on Aug 23 2025	Aug 22 2025	Aug 23 2025	genomic	1	Brain (Cingulate Gyrus)	Homo sapiens	Sex: Female	tissue: Brain (Cingulate Gyrus)	cell type: Astrocytes	genomic DNA	Phenol-chloroform DNA extraction	Cy3 and Cy5	Illumina Infinium protocol	9606	Illumina Infinium protocol	Illumina Infinium protocol scanned using Illumina HIScan System	206513950089_R05C01	wateRmelon package (v2.10.0) in R environment (v4.4.1)	GPL21145	Ehsan,,Pishva	e.pishva@maastrichtuniversity.nl	Dementia Systems Biology Group	Psychiatry and Neuropsychology	Maastricht University	Universiteitssingel 40	Maastricht	Limburg	6229 ER	Netherlands	ftp://ftp.ncbi.nlm.nih.gov/geo/samples/GSM9195nnn/GSM9195148/suppl/GSM9195148_206513950089_R05C01_Grn.idat.gz	ftp://ftp.ncbi.nlm.nih.gov/geo/samples/GSM9195nnn/GSM9195148/suppl/GSM9195148_206513950089_R05C01_Red.idat.gz	0	Astrocytes	Female	Brain (Cingulate Gyrus)
Neurons_healthy_CO75	GSM9195149	Public on Aug 23 2025	Aug 22 2025	Aug 23 2025	genomic	1	Brain (Cingulate Gyrus)	Homo sapiens	Sex: Male	tissue: Brain (Cingulate Gyrus)	cell type: Neurons	genomic DNA	Phenol-chloroform DNA extraction	Cy3 and Cy5	Illumina Infinium protocol	9606	Illumina Infinium protocol	Illumina Infinium protocol scanned using Illumina HIScan System	206513950140_R02C01	wateRmelon package (v2.10.0) in R environment (v4.4.1)	GPL21145	Ehsan,,Pishva	e.pishva@maastrichtuniversity.nl	Dementia Systems Biology Group	Psychiatry and Neuropsychology	Maastricht University	Universiteitssingel 40	Maastricht	Limburg	6229 ER	Netherlands	ftp://ftp.ncbi.nlm.nih.gov/geo/samples/GSM9195nnn/GSM9195149/suppl/GSM9195149_206513950140_R02C01_Grn.idat.gz	ftp://ftp.ncbi.nlm.nih.gov/geo/samples/GSM9195nnn/GSM9195149/suppl/GSM9195149_206513950140_R02C01_Red.idat.gz	0	Neurons	Male	Brain (Cingulate Gyrus)
Oligodendrocytes_healthy_CO75	GSM9195150	Public on Aug 23 2025	Aug 22 2025	Aug 23 2025	genomic	1	Brain (Cingulate Gyrus)	Homo sapiens	Sex: Male	tissue: Brain (Cingulate Gyrus)	cell type: Oligodendrocytes	genomic DNA	Phenol-chloroform DNA extraction	Cy3 and Cy5	Illumina Infinium protocol	9606	Illumina Infinium protocol	Illumina Infinium protocol scanned using Illumina HIScan System	206513950140_R04C01	wateRmelon package (v2.10.0) in R environment (v4.4.1)	GPL21145	Ehsan,,Pishva	e.pishva@maastrichtuniversity.nl	Dementia Systems Biology Group	Psychiatry and Neuropsychology	Maastricht University	Universiteitssingel 40	Maastricht	Limburg	6229 ER	Netherlands	ftp://ftp.ncbi.nlm.nih.gov/geo/samples/GSM9195nnn/GSM9195150/suppl/GSM9195150_206513950140_R04C01_Grn.idat.gz	ftp://ftp.ncbi.nlm.nih.gov/geo/samples/GSM9195nnn/GSM9195150/suppl/GSM9195150_206513950140_R04C01_Red.idat.gz	0	Oligodendrocytes	Male	Brain (Cingulate Gyrus)
Astrocytes_healthy_CO75	GSM9195151	Public on Aug 23 2025	Aug 22 2025	Aug 23 2025	genomic	1	Brain (Cingulate Gyrus)	Homo sapiens	Sex: Male	tissue: Brain (Cingulate Gyrus)	cell type: Astrocytes	genomic DNA	Phenol-chloroform DNA extraction	Cy3 and Cy5	Illumina Infinium protocol	9606	Illumina Infinium protocol	Illumina Infinium protocol scanned using Illumina HIScan System	206513950140_R06C01	wateRmelon package (v2.10.0) in R environment (v4.4.1)	GPL21145	Ehsan,,Pishva	e.pishva@maastrichtuniversity.nl	Dementia Systems Biology Group	Psychiatry and Neuropsychology	Maastricht University	Universiteitssingel 40	Maastricht	Limburg	6229 ER	Netherlands	ftp://ftp.ncbi.nlm.nih.gov/geo/samples/GSM9195nnn/GSM9195151/suppl/GSM9195151_206513950140_R06C01_Grn.idat.gz	ftp://ftp.ncbi.nlm.nih.gov/geo/samples/GSM9195nnn/GSM9195151/suppl/GSM9195151_206513950140_R06C01_Red.idat.gz	0	Astrocytes	Male	Brain (Cingulate Gyrus)
Microglia_healthy_CO75	GSM9195152	Public on Aug 23 2025	Aug 22 2025	Aug 23 2025	genomic	1	Brain (Cingulate Gyrus)	Homo sapiens	Sex: Male	tissue: Brain (Cingulate Gyrus)	cell type: Microglia	genomic DNA	Phenol-chloroform DNA extraction	Cy3 and Cy5	Illumina Infinium protocol	9606	Illumina Infinium protocol	Illumina Infinium protocol scanned using Illumina HIScan System	206513950140_R08C01	wateRmelon package (v2.10.0) in R environment (v4.4.1)	GPL21145	Ehsan,,Pishva	e.pishva@maastrichtuniversity.nl	Dementia Systems Biology Group	Psychiatry and Neuropsychology	Maastricht University	Universiteitssingel 40	Maastricht	Limburg	6229 ER	Netherlands	ftp://ftp.ncbi.nlm.nih.gov/geo/samples/GSM9195nnn/GSM9195152/suppl/GSM9195152_206513950140_R08C01_Grn.idat.gz	ftp://ftp.ncbi.nlm.nih.gov/geo/samples/GSM9195nnn/GSM9195152/suppl/GSM9195152_206513950140_R08C01_Red.idat.gz	0	Microglia	Male	Brain (Cingulate Gyrus)
Neurons_healthy_PDC040	GSM9195153	Public on Aug 23 2025	Aug 22 2025	Aug 23 2025	genomic	1	Brain (Cingulate Gyrus)	Homo sapiens	Sex: Female	tissue: Brain (Cingulate Gyrus)	cell type: Neurons	genomic DNA	Phenol-chloroform DNA extraction	Cy3 and Cy5	Illumina Infinium protocol	9606	Illumina Infinium protocol	Illumina Infinium protocol scanned using Illumina HIScan System	206513950147_R01C01	wateRmelon package (v2.10.0) in R environment (v4.4.1)	GPL21145	Ehsan,,Pishva	e.pishva@maastrichtuniversity.nl	Dementia Systems Biology Group	Psychiatry and Neuropsychology	Maastricht University	Universiteitssingel 40	Maastricht	Limburg	6229 ER	Netherlands	ftp://ftp.ncbi.nlm.nih.gov/geo/samples/GSM9195nnn/GSM9195153/suppl/GSM9195153_206513950147_R01C01_Grn.idat.gz	ftp://ftp.ncbi.nlm.nih.gov/geo/samples/GSM9195nnn/GSM9195153/suppl/GSM9195153_206513950147_R01C01_Red.idat.gz	0	Neurons	Female	Brain (Cingulate Gyrus)
Astrocytes_healthy_PDC040	GSM9195154	Public on Aug 23 2025	Aug 22 2025	Aug 23 2025	genomic	1	Brain (Cingulate Gyrus)	Homo sapiens	Sex: Female	tissue: Brain (Cingulate Gyrus)	cell type: Astrocytes	genomic DNA	Phenol-chloroform DNA extraction	Cy3 and Cy5	Illumina Infinium protocol	9606	Illumina Infinium protocol	Illumina Infinium protocol scanned using Illumina HIScan System	206513950147_R03C01	wateRmelon package (v2.10.0) in R environment (v4.4.1)	GPL21145	Ehsan,,Pishva	e.pishva@maastrichtuniversity.nl	Dementia Systems Biology Group	Psychiatry and Neuropsychology	Maastricht University	Universiteitssingel 40	Maastricht	Limburg	6229 ER	Netherlands	ftp://ftp.ncbi.nlm.nih.gov/geo/samples/GSM9195nnn/GSM9195154/suppl/GSM9195154_206513950147_R03C01_Grn.idat.gz	ftp://ftp.ncbi.nlm.nih.gov/geo/samples/GSM9195nnn/GSM9195154/suppl/GSM9195154_206513950147_R03C01_Red.idat.gz	0	Astrocytes	Female	Brain (Cingulate Gyrus)
Microglia_healthy_PDC040	GSM9195155	Public on Aug 23 2025	Aug 22 2025	Aug 23 2025	genomic	1	Brain (Cingulate Gyrus)	Homo sapiens	Sex: Female	tissue: Brain (Cingulate Gyrus)	cell type: Microglia	genomic DNA	Phenol-chloroform DNA extraction	Cy3 and Cy5	Illumina Infinium protocol	9606	Illumina Infinium protocol	Illumina Infinium protocol scanned using Illumina HIScan System	206513950147_R07C01	wateRmelon package (v2.10.0) in R environment (v4.4.1)	GPL21145	Ehsan,,Pishva	e.pishva@maastrichtuniversity.nl	Dementia Systems Biology Group	Psychiatry and Neuropsychology	Maastricht University	Universiteitssingel 40	Maastricht	Limburg	6229 ER	Netherlands	ftp://ftp.ncbi.nlm.nih.gov/geo/samples/GSM9195nnn/GSM9195155/suppl/GSM9195155_206513950147_R07C01_Grn.idat.gz	ftp://ftp.ncbi.nlm.nih.gov/geo/samples/GSM9195nnn/GSM9195155/suppl/GSM9195155_206513950147_R07C01_Red.idat.gz	0	Microglia	Female	Brain (Cingulate Gyrus)
Oligodendrocytes_healthy_PDC040	GSM9195156	Public on Aug 23 2025	Aug 22 2025	Aug 23 2025	genomic	1	Brain (Cingulate Gyrus)	Homo sapiens	Sex: Female	tissue: Brain (Cingulate Gyrus)	cell type: Oligodendrocytes	genomic DNA	Phenol-chloroform DNA extraction	Cy3 and Cy5	Illumina Infinium protocol	9606	Illumina Infinium protocol	Illumina Infinium protocol scanned using Illumina HIScan System	206513950147_R08C01	wateRmelon package (v2.10.0) in R environment (v4.4.1)	GPL21145	Ehsan,,Pishva	e.pishva@maastrichtuniversity.nl	Dementia Systems Biology Group	Psychiatry and Neuropsychology	Maastricht University	Universiteitssingel 40	Maastricht	Limburg	6229 ER	Netherlands	ftp://ftp.ncbi.nlm.nih.gov/geo/samples/GSM9195nnn/GSM9195156/suppl/GSM9195156_206513950147_R08C01_Grn.idat.gz	ftp://ftp.ncbi.nlm.nih.gov/geo/samples/GSM9195nnn/GSM9195156/suppl/GSM9195156_206513950147_R08C01_Red.idat.gz	0	Oligodendrocytes	Female	Brain (Cingulate Gyrus)
Astrocytes_healthy_20163903	GSM9195157	Public on Aug 23 2025	Aug 22 2025	Aug 23 2025	genomic	1	Brain (Cingulate Gyrus)	Homo sapiens	Sex: Female	tissue: Brain (Cingulate Gyrus)	cell type: Astrocytes	genomic DNA	Phenol-chloroform DNA extraction	Cy3 and Cy5	Illumina Infinium protocol	9606	Illumina Infinium protocol	Illumina Infinium protocol scanned using Illumina HIScan System	206513950150_R03C01	wateRmelon package (v2.10.0) in R environment (v4.4.1)	GPL21145	Ehsan,,Pishva	e.pishva@maastrichtuniversity.nl	Dementia Systems Biology Group	Psychiatry and Neuropsychology	Maastricht University	Universiteitssingel 40	Maastricht	Limburg	6229 ER	Netherlands	ftp://ftp.ncbi.nlm.nih.gov/geo/samples/GSM9195nnn/GSM9195157/suppl/GSM9195157_206513950150_R03C01_Grn.idat.gz	ftp://ftp.ncbi.nlm.nih.gov/geo/samples/GSM9195nnn/GSM9195157/suppl/GSM9195157_206513950150_R03C01_Red.idat.gz	0	Astrocytes	Female	Brain (Cingulate Gyrus)
Neurons_healthy_20163903	GSM9195158	Public on Aug 23 2025	Aug 22 2025	Aug 23 2025	genomic	1	Brain (Cingulate Gyrus)	Homo sapiens	Sex: Female	tissue: Brain (Cingulate Gyrus)	cell type: Neurons	genomic DNA	Phenol-chloroform DNA extraction	Cy3 and Cy5	Illumina Infinium protocol	9606	Illumina Infinium protocol	Illumina Infinium protocol scanned using Illumina HIScan System	206513950150_R04C01	wateRmelon package (v2.10.0) in R environment (v4.4.1)	GPL21145	Ehsan,,Pishva	e.pishva@maastrichtuniversity.nl	Dementia Systems Biology Group	Psychiatry and Neuropsychology	Maastricht University	Universiteitssingel 40	Maastricht	Limburg	6229 ER	Netherlands	ftp://ftp.ncbi.nlm.nih.gov/geo/samples/GSM9195nnn/GSM9195158/suppl/GSM9195158_206513950150_R04C01_Grn.idat.gz	ftp://ftp.ncbi.nlm.nih.gov/geo/samples/GSM9195nnn/GSM9195158/suppl/GSM9195158_206513950150_R04C01_Red.idat.gz	0	Neurons	Female	Brain (Cingulate Gyrus)
Oligodendrocytes_healthy_20163903	GSM9195159	Public on Aug 23 2025	Aug 22 2025	Aug 23 2025	genomic	1	Brain (Cingulate Gyrus)	Homo sapiens	Sex: Female	tissue: Brain (Cingulate Gyrus)	cell type: Oligodendrocytes	genomic DNA	Phenol-chloroform DNA extraction	Cy3 and Cy5	Illumina Infinium protocol	9606	Illumina Infinium protocol	Illumina Infinium protocol scanned using Illumina HIScan System	206513950150_R05C01	wateRmelon package (v2.10.0) in R environment (v4.4.1)	GPL21145	Ehsan,,Pishva	e.pishva@maastrichtuniversity.nl	Dementia Systems Biology Group	Psychiatry and Neuropsychology	Maastricht University	Universiteitssingel 40	Maastricht	Limburg	6229 ER	Netherlands	ftp://ftp.ncbi.nlm.nih.gov/geo/samples/GSM9195nnn/GSM9195159/suppl/GSM9195159_206513950150_R05C01_Grn.idat.gz	ftp://ftp.ncbi.nlm.nih.gov/geo/samples/GSM9195nnn/GSM9195159/suppl/GSM9195159_206513950150_R05C01_Red.idat.gz	0	Oligodendrocytes	Female	Brain (Cingulate Gyrus)
Microglia_healthy_20163903	GSM9195160	Public on Aug 23 2025	Aug 22 2025	Aug 23 2025	genomic	1	Brain (Cingulate Gyrus)	Homo sapiens	Sex: Female	tissue: Brain (Cingulate Gyrus)	cell type: Microglia	genomic DNA	Phenol-chloroform DNA extraction	Cy3 and Cy5	Illumina Infinium protocol	9606	Illumina Infinium protocol	Illumina Infinium protocol scanned using Illumina HIScan System	206513950150_R07C01	wateRmelon package (v2.10.0) in R environment (v4.4.1)	GPL21145	Ehsan,,Pishva	e.pishva@maastrichtuniversity.nl	Dementia Systems Biology Group	Psychiatry and Neuropsychology	Maastricht University	Universiteitssingel 40	Maastricht	Limburg	6229 ER	Netherlands	ftp://ftp.ncbi.nlm.nih.gov/geo/samples/GSM9195nnn/GSM9195160/suppl/GSM9195160_206513950150_R07C01_Grn.idat.gz	ftp://ftp.ncbi.nlm.nih.gov/geo/samples/GSM9195nnn/GSM9195160/suppl/GSM9195160_206513950150_R07C01_Red.idat.gz	0	Microglia	Female	Brain (Cingulate Gyrus)
Oligodendrocytes_healthy_20174936	GSM9195161	Public on Aug 23 2025	Aug 22 2025	Aug 23 2025	genomic	1	Brain (Cingulate Gyrus)	Homo sapiens	Sex: Male	tissue: Brain (Cingulate Gyrus)	cell type: Oligodendrocytes	genomic DNA	Phenol-chloroform DNA extraction	Cy3 and Cy5	Illumina Infinium protocol	9606	Illumina Infinium protocol	Illumina Infinium protocol scanned using Illumina HIScan System	206513950168_R04C01	wateRmelon package (v2.10.0) in R environment (v4.4.1)	GPL21145	Ehsan,,Pishva	e.pishva@maastrichtuniversity.nl	Dementia Systems Biology Group	Psychiatry and Neuropsychology	Maastricht University	Universiteitssingel 40	Maastricht	Limburg	6229 ER	Netherlands	ftp://ftp.ncbi.nlm.nih.gov/geo/samples/GSM9195nnn/GSM9195161/suppl/GSM9195161_206513950168_R04C01_Grn.idat.gz	ftp://ftp.ncbi.nlm.nih.gov/geo/samples/GSM9195nnn/GSM9195161/suppl/GSM9195161_206513950168_R04C01_Red.idat.gz	0	Oligodendrocytes	Male	Brain (Cingulate Gyrus)
Neurons_healthy_20174936	GSM9195162	Public on Aug 23 2025	Aug 22 2025	Aug 23 2025	genomic	1	Brain (Cingulate Gyrus)	Homo sapiens	Sex: Male	tissue: Brain (Cingulate Gyrus)	cell type: Neurons	genomic DNA	Phenol-chloroform DNA extraction	Cy3 and Cy5	Illumina Infinium protocol	9606	Illumina Infinium protocol	Illumina Infinium protocol scanned using Illumina HIScan System	206513950168_R05C01	wateRmelon package (v2.10.0) in R environment (v4.4.1)	GPL21145	Ehsan,,Pishva	e.pishva@maastrichtuniversity.nl	Dementia Systems Biology Group	Psychiatry and Neuropsychology	Maastricht University	Universiteitssingel 40	Maastricht	Limburg	6229 ER	Netherlands	ftp://ftp.ncbi.nlm.nih.gov/geo/samples/GSM9195nnn/GSM9195162/suppl/GSM9195162_206513950168_R05C01_Grn.idat.gz	ftp://ftp.ncbi.nlm.nih.gov/geo/samples/GSM9195nnn/GSM9195162/suppl/GSM9195162_206513950168_R05C01_Red.idat.gz	0	Neurons	Male	Brain (Cingulate Gyrus)
Astrocytes_healthy_20174936	GSM9195163	Public on Aug 23 2025	Aug 22 2025	Aug 23 2025	genomic	1	Brain (Cingulate Gyrus)	Homo sapiens	Sex: Male	tissue: Brain (Cingulate Gyrus)	cell type: Astrocytes	genomic DNA	Phenol-chloroform DNA extraction	Cy3 and Cy5	Illumina Infinium protocol	9606	Illumina Infinium protocol	Illumina Infinium protocol scanned using Illumina HIScan System	206513950168_R06C01	wateRmelon package (v2.10.0) in R environment (v4.4.1)	GPL21145	Ehsan,,Pishva	e.pishva@maastrichtuniversity.nl	Dementia Systems Biology Group	Psychiatry and Neuropsychology	Maastricht University	Universiteitssingel 40	Maastricht	Limburg	6229 ER	Netherlands	ftp://ftp.ncbi.nlm.nih.gov/geo/samples/GSM9195nnn/GSM9195163/suppl/GSM9195163_206513950168_R06C01_Grn.idat.gz	ftp://ftp.ncbi.nlm.nih.gov/geo/samples/GSM9195nnn/GSM9195163/suppl/GSM9195163_206513950168_R06C01_Red.idat.gz	0	Astrocytes	Male	Brain (Cingulate Gyrus)
Microglia_healthy_20174936	GSM9195164	Public on Aug 23 2025	Aug 22 2025	Aug 23 2025	genomic	1	Brain (Cingulate Gyrus)	Homo sapiens	Sex: Male	tissue: Brain (Cingulate Gyrus)	cell type: Microglia	genomic DNA	Phenol-chloroform DNA extraction	Cy3 and Cy5	Illumina Infinium protocol	9606	Illumina Infinium protocol	Illumina Infinium protocol scanned using Illumina HIScan System	206513950168_R07C01	wateRmelon package (v2.10.0) in R environment (v4.4.1)	GPL21145	Ehsan,,Pishva	e.pishva@maastrichtuniversity.nl	Dementia Systems Biology Group	Psychiatry and Neuropsychology	Maastricht University	Universiteitssingel 40	Maastricht	Limburg	6229 ER	Netherlands	ftp://ftp.ncbi.nlm.nih.gov/geo/samples/GSM9195nnn/GSM9195164/suppl/GSM9195164_206513950168_R07C01_Grn.idat.gz	ftp://ftp.ncbi.nlm.nih.gov/geo/samples/GSM9195nnn/GSM9195164/suppl/GSM9195164_206513950168_R07C01_Red.idat.gz	0	Microglia	Male	Brain (Cingulate Gyrus)
Astrocytes_healthy_20174903	GSM9195165	Public on Aug 23 2025	Aug 22 2025	Aug 23 2025	genomic	1	Brain (Cingulate Gyrus)	Homo sapiens	Sex: Male	tissue: Brain (Cingulate Gyrus)	cell type: Astrocytes	genomic DNA	Phenol-chloroform DNA extraction	Cy3 and Cy5	Illumina Infinium protocol	9606	Illumina Infinium protocol	Illumina Infinium protocol scanned using Illumina HIScan System	206513950169_R01C01	wateRmelon package (v2.10.0) in R environment (v4.4.1)	GPL21145	Ehsan,,Pishva	e.pishva@maastrichtuniversity.nl	Dementia Systems Biology Group	Psychiatry and Neuropsychology	Maastricht University	Universiteitssingel 40	Maastricht	Limburg	6229 ER	Netherlands	ftp://ftp.ncbi.nlm.nih.gov/geo/samples/GSM9195nnn/GSM9195165/suppl/GSM9195165_206513950169_R01C01_Grn.idat.gz	ftp://ftp.ncbi.nlm.nih.gov/geo/samples/GSM9195nnn/GSM9195165/suppl/GSM9195165_206513950169_R01C01_Red.idat.gz	0	Astrocytes	Male	Brain (Cingulate Gyrus)
Neurons_healthy_20174903	GSM9195166	Public on Aug 23 2025	Aug 22 2025	Aug 23 2025	genomic	1	Brain (Cingulate Gyrus)	Homo sapiens	Sex: Male	tissue: Brain (Cingulate Gyrus)	cell type: Neurons	genomic DNA	Phenol-chloroform DNA extraction	Cy3 and Cy5	Illumina Infinium protocol	9606	Illumina Infinium protocol	Illumina Infinium protocol scanned using Illumina HIScan System	206513950169_R02C01	wateRmelon package (v2.10.0) in R environment (v4.4.1)	GPL21145	Ehsan,,Pishva	e.pishva@maastrichtuniversity.nl	Dementia Systems Biology Group	Psychiatry and Neuropsychology	Maastricht University	Universiteitssingel 40	Maastricht	Limburg	6229 ER	Netherlands	ftp://ftp.ncbi.nlm.nih.gov/geo/samples/GSM9195nnn/GSM9195166/suppl/GSM9195166_206513950169_R02C01_Grn.idat.gz	ftp://ftp.ncbi.nlm.nih.gov/geo/samples/GSM9195nnn/GSM9195166/suppl/GSM9195166_206513950169_R02C01_Red.idat.gz	0	Neurons	Male	Brain (Cingulate Gyrus)
Oligodendrocytes_healthy_20174903	GSM9195167	Public on Aug 23 2025	Aug 22 2025	Aug 23 2025	genomic	1	Brain (Cingulate Gyrus)	Homo sapiens	Sex: Male	tissue: Brain (Cingulate Gyrus)	cell type: Oligodendrocytes	genomic DNA	Phenol-chloroform DNA extraction	Cy3 and Cy5	Illumina Infinium protocol	9606	Illumina Infinium protocol	Illumina Infinium protocol scanned using Illumina HIScan System	206513950169_R03C01	wateRmelon package (v2.10.0) in R environment (v4.4.1)	GPL21145	Ehsan,,Pishva	e.pishva@maastrichtuniversity.nl	Dementia Systems Biology Group	Psychiatry and Neuropsychology	Maastricht University	Universiteitssingel 40	Maastricht	Limburg	6229 ER	Netherlands	ftp://ftp.ncbi.nlm.nih.gov/geo/samples/GSM9195nnn/GSM9195167/suppl/GSM9195167_206513950169_R03C01_Grn.idat.gz	ftp://ftp.ncbi.nlm.nih.gov/geo/samples/GSM9195nnn/GSM9195167/suppl/GSM9195167_206513950169_R03C01_Red.idat.gz	0	Oligodendrocytes	Male	Brain (Cingulate Gyrus)
Microglia_healthy_20174903	GSM9195168	Public on Aug 23 2025	Aug 22 2025	Aug 23 2025	genomic	1	Brain (Cingulate Gyrus)	Homo sapiens	Sex: Male	tissue: Brain (Cingulate Gyrus)	cell type: Microglia	genomic DNA	Phenol-chloroform DNA extraction	Cy3 and Cy5	Illumina Infinium protocol	9606	Illumina Infinium protocol	Illumina Infinium protocol scanned using Illumina HIScan System	206513950169_R06C01	wateRmelon package (v2.10.0) in R environment (v4.4.1)	GPL21145	Ehsan,,Pishva	e.pishva@maastrichtuniversity.nl	Dementia Systems Biology Group	Psychiatry and Neuropsychology	Maastricht University	Universiteitssingel 40	Maastricht	Limburg	6229 ER	Netherlands	ftp://ftp.ncbi.nlm.nih.gov/geo/samples/GSM9195nnn/GSM9195168/suppl/GSM9195168_206513950169_R06C01_Grn.idat.gz	ftp://ftp.ncbi.nlm.nih.gov/geo/samples/GSM9195nnn/GSM9195168/suppl/GSM9195168_206513950169_R06C01_Red.idat.gz	0	Microglia	Male	Brain (Cingulate Gyrus)
Microglia_healthy_20150242	GSM9195169	Public on Aug 23 2025	Aug 22 2025	Aug 23 2025	genomic	1	Brain (Cingulate Gyrus)	Homo sapiens	Sex: Female	tissue: Brain (Cingulate Gyrus)	cell type: Microglia	genomic DNA	Phenol-chloroform DNA extraction	Cy3 and Cy5	Illumina Infinium protocol	9606	Illumina Infinium protocol	Illumina Infinium protocol scanned using Illumina HIScan System	206513950170_R03C01	wateRmelon package (v2.10.0) in R environment (v4.4.1)	GPL21145	Ehsan,,Pishva	e.pishva@maastrichtuniversity.nl	Dementia Systems Biology Group	Psychiatry and Neuropsychology	Maastricht University	Universiteitssingel 40	Maastricht	Limburg	6229 ER	Netherlands	ftp://ftp.ncbi.nlm.nih.gov/geo/samples/GSM9195nnn/GSM9195169/suppl/GSM9195169_206513950170_R03C01_Grn.idat.gz	ftp://ftp.ncbi.nlm.nih.gov/geo/samples/GSM9195nnn/GSM9195169/suppl/GSM9195169_206513950170_R03C01_Red.idat.gz	0	Microglia	Female	Brain (Cingulate Gyrus)
Astrocytes_healthy_20150242	GSM9195170	Public on Aug 23 2025	Aug 22 2025	Aug 23 2025	genomic	1	Brain (Cingulate Gyrus)	Homo sapiens	Sex: Female	tissue: Brain (Cingulate Gyrus)	cell type: Astrocytes	genomic DNA	Phenol-chloroform DNA extraction	Cy3 and Cy5	Illumina Infinium protocol	9606	Illumina Infinium protocol	Illumina Infinium protocol scanned using Illumina HIScan System	206513950170_R04C01	wateRmelon package (v2.10.0) in R environment (v4.4.1)	GPL21145	Ehsan,,Pishva	e.pishva@maastrichtuniversity.nl	Dementia Systems Biology Group	Psychiatry and Neuropsychology	Maastricht University	Universiteitssingel 40	Maastricht	Limburg	6229 ER	Netherlands	ftp://ftp.ncbi.nlm.nih.gov/geo/samples/GSM9195nnn/GSM9195170/suppl/GSM9195170_206513950170_R04C01_Grn.idat.gz	ftp://ftp.ncbi.nlm.nih.gov/geo/samples/GSM9195nnn/GSM9195170/suppl/GSM9195170_206513950170_R04C01_Red.idat.gz	0	Astrocytes	Female	Brain (Cingulate Gyrus)
Neurons_healthy_20150242	GSM9195171	Public on Aug 23 2025	Aug 22 2025	Aug 23 2025	genomic	1	Brain (Cingulate Gyrus)	Homo sapiens	Sex: Female	tissue: Brain (Cingulate Gyrus)	cell type: Neurons	genomic DNA	Phenol-chloroform DNA extraction	Cy3 and Cy5	Illumina Infinium protocol	9606	Illumina Infinium protocol	Illumina Infinium protocol scanned using Illumina HIScan System	206513950170_R05C01	wateRmelon package (v2.10.0) in R environment (v4.4.1)	GPL21145	Ehsan,,Pishva	e.pishva@maastrichtuniversity.nl	Dementia Systems Biology Group	Psychiatry and Neuropsychology	Maastricht University	Universiteitssingel 40	Maastricht	Limburg	6229 ER	Netherlands	ftp://ftp.ncbi.nlm.nih.gov/geo/samples/GSM9195nnn/GSM9195171/suppl/GSM9195171_206513950170_R05C01_Grn.idat.gz	ftp://ftp.ncbi.nlm.nih.gov/geo/samples/GSM9195nnn/GSM9195171/suppl/GSM9195171_206513950170_R05C01_Red.idat.gz	0	Neurons	Female	Brain (Cingulate Gyrus)
Oligodendrocytes_healthy_20150242	GSM9195172	Public on Aug 23 2025	Aug 22 2025	Aug 23 2025	genomic	1	Brain (Cingulate Gyrus)	Homo sapiens	Sex: Female	tissue: Brain (Cingulate Gyrus)	cell type: Oligodendrocytes	genomic DNA	Phenol-chloroform DNA extraction	Cy3 and Cy5	Illumina Infinium protocol	9606	Illumina Infinium protocol	Illumina Infinium protocol scanned using Illumina HIScan System	206513950170_R08C01	wateRmelon package (v2.10.0) in R environment (v4.4.1)	GPL21145	Ehsan,,Pishva	e.pishva@maastrichtuniversity.nl	Dementia Systems Biology Group	Psychiatry and Neuropsychology	Maastricht University	Universiteitssingel 40	Maastricht	Limburg	6229 ER	Netherlands	ftp://ftp.ncbi.nlm.nih.gov/geo/samples/GSM9195nnn/GSM9195172/suppl/GSM9195172_206513950170_R08C01_Grn.idat.gz	ftp://ftp.ncbi.nlm.nih.gov/geo/samples/GSM9195nnn/GSM9195172/suppl/GSM9195172_206513950170_R08C01_Red.idat.gz	0	Oligodendrocytes	Female	Brain (Cingulate Gyrus)
Neurons_healthy_20160475	GSM9195173	Public on Aug 23 2025	Aug 22 2025	Aug 23 2025	genomic	1	Brain (Cingulate Gyrus)	Homo sapiens	Sex: Male	tissue: Brain (Cingulate Gyrus)	cell type: Neurons	genomic DNA	Phenol-chloroform DNA extraction	Cy3 and Cy5	Illumina Infinium protocol	9606	Illumina Infinium protocol	Illumina Infinium protocol scanned using Illumina HIScan System	206513950184_R01C01	wateRmelon package (v2.10.0) in R environment (v4.4.1)	GPL21145	Ehsan,,Pishva	e.pishva@maastrichtuniversity.nl	Dementia Systems Biology Group	Psychiatry and Neuropsychology	Maastricht University	Universiteitssingel 40	Maastricht	Limburg	6229 ER	Netherlands	ftp://ftp.ncbi.nlm.nih.gov/geo/samples/GSM9195nnn/GSM9195173/suppl/GSM9195173_206513950184_R01C01_Grn.idat.gz	ftp://ftp.ncbi.nlm.nih.gov/geo/samples/GSM9195nnn/GSM9195173/suppl/GSM9195173_206513950184_R01C01_Red.idat.gz	0	Neurons	Male	Brain (Cingulate Gyrus)
Microglia_healthy_20160475	GSM9195174	Public on Aug 23 2025	Aug 22 2025	Aug 23 2025	genomic	1	Brain (Cingulate Gyrus)	Homo sapiens	Sex: Male	tissue: Brain (Cingulate Gyrus)	cell type: Microglia	genomic DNA	Phenol-chloroform DNA extraction	Cy3 and Cy5	Illumina Infinium protocol	9606	Illumina Infinium protocol	Illumina Infinium protocol scanned using Illumina HIScan System	206513950184_R02C01	wateRmelon package (v2.10.0) in R environment (v4.4.1)	GPL21145	Ehsan,,Pishva	e.pishva@maastrichtuniversity.nl	Dementia Systems Biology Group	Psychiatry and Neuropsychology	Maastricht University	Universiteitssingel 40	Maastricht	Limburg	6229 ER	Netherlands	ftp://ftp.ncbi.nlm.nih.gov/geo/samples/GSM9195nnn/GSM9195174/suppl/GSM9195174_206513950184_R02C01_Grn.idat.gz	ftp://ftp.ncbi.nlm.nih.gov/geo/samples/GSM9195nnn/GSM9195174/suppl/GSM9195174_206513950184_R02C01_Red.idat.gz	0	Microglia	Male	Brain (Cingulate Gyrus)
Astrocytes_healthy_20160475	GSM9195175	Public on Aug 23 2025	Aug 22 2025	Aug 23 2025	genomic	1	Brain (Cingulate Gyrus)	Homo sapiens	Sex: Male	tissue: Brain (Cingulate Gyrus)	cell type: Astrocytes	genomic DNA	Phenol-chloroform DNA extraction	Cy3 and Cy5	Illumina Infinium protocol	9606	Illumina Infinium protocol	Illumina Infinium protocol scanned using Illumina HIScan System	206513950184_R04C01	wateRmelon package (v2.10.0) in R environment (v4.4.1)	GPL21145	Ehsan,,Pishva	e.pishva@maastrichtuniversity.nl	Dementia Systems Biology Group	Psychiatry and Neuropsychology	Maastricht University	Universiteitssingel 40	Maastricht	Limburg	6229 ER	Netherlands	ftp://ftp.ncbi.nlm.nih.gov/geo/samples/GSM9195nnn/GSM9195175/suppl/GSM9195175_206513950184_R04C01_Grn.idat.gz	ftp://ftp.ncbi.nlm.nih.gov/geo/samples/GSM9195nnn/GSM9195175/suppl/GSM9195175_206513950184_R04C01_Red.idat.gz	0	Astrocytes	Male	Brain (Cingulate Gyrus)
Oligodendrocytes_healthy_20160475	GSM9195176	Public on Aug 23 2025	Aug 22 2025	Aug 23 2025	genomic	1	Brain (Cingulate Gyrus)	Homo sapiens	Sex: Male	tissue: Brain (Cingulate Gyrus)	cell type: Oligodendrocytes	genomic DNA	Phenol-chloroform DNA extraction	Cy3 and Cy5	Illumina Infinium protocol	9606	Illumina Infinium protocol	Illumina Infinium protocol scanned using Illumina HIScan System	206513950184_R08C01	wateRmelon package (v2.10.0) in R environment (v4.4.1)	GPL21145	Ehsan,,Pishva	e.pishva@maastrichtuniversity.nl	Dementia Systems Biology Group	Psychiatry and Neuropsychology	Maastricht University	Universiteitssingel 40	Maastricht	Limburg	6229 ER	Netherlands	ftp://ftp.ncbi.nlm.nih.gov/geo/samples/GSM9195nnn/GSM9195176/suppl/GSM9195176_206513950184_R08C01_Grn.idat.gz	ftp://ftp.ncbi.nlm.nih.gov/geo/samples/GSM9195nnn/GSM9195176/suppl/GSM9195176_206513950184_R08C01_Red.idat.gz	0	Oligodendrocytes	Male	Brain (Cingulate Gyrus)
Oligodendrocytes_healthy_PDC107	GSM9195177	Public on Aug 23 2025	Aug 22 2025	Aug 23 2025	genomic	1	Brain (Cingulate Gyrus)	Homo sapiens	Sex: Female	tissue: Brain (Cingulate Gyrus)	cell type: Oligodendrocytes	genomic DNA	Phenol-chloroform DNA extraction	Cy3 and Cy5	Illumina Infinium protocol	9606	Illumina Infinium protocol	Illumina Infinium protocol scanned using Illumina HIScan System	206513950186_R01C01	wateRmelon package (v2.10.0) in R environment (v4.4.1)	GPL21145	Ehsan,,Pishva	e.pishva@maastrichtuniversity.nl	Dementia Systems Biology Group	Psychiatry and Neuropsychology	Maastricht University	Universiteitssingel 40	Maastricht	Limburg	6229 ER	Netherlands	ftp://ftp.ncbi.nlm.nih.gov/geo/samples/GSM9195nnn/GSM9195177/suppl/GSM9195177_206513950186_R01C01_Grn.idat.gz	ftp://ftp.ncbi.nlm.nih.gov/geo/samples/GSM9195nnn/GSM9195177/suppl/GSM9195177_206513950186_R01C01_Red.idat.gz	0	Oligodendrocytes	Female	Brain (Cingulate Gyrus)
Astrocytes_healthy_PDC107	GSM9195178	Public on Aug 23 2025	Aug 22 2025	Aug 23 2025	genomic	1	Brain (Cingulate Gyrus)	Homo sapiens	Sex: Female	tissue: Brain (Cingulate Gyrus)	cell type: Astrocytes	genomic DNA	Phenol-chloroform DNA extraction	Cy3 and Cy5	Illumina Infinium protocol	9606	Illumina Infinium protocol	Illumina Infinium protocol scanned using Illumina HIScan System	206513950186_R04C01	wateRmelon package (v2.10.0) in R environment (v4.4.1)	GPL21145	Ehsan,,Pishva	e.pishva@maastrichtuniversity.nl	Dementia Systems Biology Group	Psychiatry and Neuropsychology	Maastricht University	Universiteitssingel 40	Maastricht	Limburg	6229 ER	Netherlands	ftp://ftp.ncbi.nlm.nih.gov/geo/samples/GSM9195nnn/GSM9195178/suppl/GSM9195178_206513950186_R04C01_Grn.idat.gz	ftp://ftp.ncbi.nlm.nih.gov/geo/samples/GSM9195nnn/GSM9195178/suppl/GSM9195178_206513950186_R04C01_Red.idat.gz	0	Astrocytes	Female	Brain (Cingulate Gyrus)
Microglia_healthy_PDC107	GSM9195179	Public on Aug 23 2025	Aug 22 2025	Aug 23 2025	genomic	1	Brain (Cingulate Gyrus)	Homo sapiens	Sex: Female	tissue: Brain (Cingulate Gyrus)	cell type: Microglia	genomic DNA	Phenol-chloroform DNA extraction	Cy3 and Cy5	Illumina Infinium protocol	9606	Illumina Infinium protocol	Illumina Infinium protocol scanned using Illumina HIScan System	206513950186_R07C01	wateRmelon package (v2.10.0) in R environment (v4.4.1)	GPL21145	Ehsan,,Pishva	e.pishva@maastrichtuniversity.nl	Dementia Systems Biology Group	Psychiatry and Neuropsychology	Maastricht University	Universiteitssingel 40	Maastricht	Limburg	6229 ER	Netherlands	ftp://ftp.ncbi.nlm.nih.gov/geo/samples/GSM9195nnn/GSM9195179/suppl/GSM9195179_206513950186_R07C01_Grn.idat.gz	ftp://ftp.ncbi.nlm.nih.gov/geo/samples/GSM9195nnn/GSM9195179/suppl/GSM9195179_206513950186_R07C01_Red.idat.gz	0	Microglia	Female	Brain (Cingulate Gyrus)
Neurons_healthy_PDC107	GSM9195180	Public on Aug 23 2025	Aug 22 2025	Aug 23 2025	genomic	1	Brain (Cingulate Gyrus)	Homo sapiens	Sex: Female	tissue: Brain (Cingulate Gyrus)	cell type: Neurons	genomic DNA	Phenol-chloroform DNA extraction	Cy3 and Cy5	Illumina Infinium protocol	9606	Illumina Infinium protocol	Illumina Infinium protocol scanned using Illumina HIScan System	206513950186_R08C01	wateRmelon package (v2.10.0) in R environment (v4.4.1)	GPL21145	Ehsan,,Pishva	e.pishva@maastrichtuniversity.nl	Dementia Systems Biology Group	Psychiatry and Neuropsychology	Maastricht University	Universiteitssingel 40	Maastricht	Limburg	6229 ER	Netherlands	ftp://ftp.ncbi.nlm.nih.gov/geo/samples/GSM9195nnn/GSM9195180/suppl/GSM9195180_206513950186_R08C01_Grn.idat.gz	ftp://ftp.ncbi.nlm.nih.gov/geo/samples/GSM9195nnn/GSM9195180/suppl/GSM9195180_206513950186_R08C01_Red.idat.gz	0	Neurons	Female	Brain (Cingulate Gyrus)
Neurons_healthy_20100742	GSM9195181	Public on Aug 23 2025	Aug 22 2025	Aug 23 2025	genomic	1	Brain (Cingulate Gyrus)	Homo sapiens	Sex: Male	tissue: Brain (Cingulate Gyrus)	cell type: Neurons	genomic DNA	Phenol-chloroform DNA extraction	Cy3 and Cy5	Illumina Infinium protocol	9606	Illumina Infinium protocol	Illumina Infinium protocol scanned using Illumina HIScan System	206513950194_R01C01	wateRmelon package (v2.10.0) in R environment (v4.4.1)	GPL21145	Ehsan,,Pishva	e.pishva@maastrichtuniversity.nl	Dementia Systems Biology Group	Psychiatry and Neuropsychology	Maastricht University	Universiteitssingel 40	Maastricht	Limburg	6229 ER	Netherlands	ftp://ftp.ncbi.nlm.nih.gov/geo/samples/GSM9195nnn/GSM9195181/suppl/GSM9195181_206513950194_R01C01_Grn.idat.gz	ftp://ftp.ncbi.nlm.nih.gov/geo/samples/GSM9195nnn/GSM9195181/suppl/GSM9195181_206513950194_R01C01_Red.idat.gz	0	Neurons	Male	Brain (Cingulate Gyrus)
Microglia_healthy_20100742	GSM9195182	Public on Aug 23 2025	Aug 22 2025	Aug 23 2025	genomic	1	Brain (Cingulate Gyrus)	Homo sapiens	Sex: Male	tissue: Brain (Cingulate Gyrus)	cell type: Microglia	genomic DNA	Phenol-chloroform DNA extraction	Cy3 and Cy5	Illumina Infinium protocol	9606	Illumina Infinium protocol	Illumina Infinium protocol scanned using Illumina HIScan System	206513950194_R03C01	wateRmelon package (v2.10.0) in R environment (v4.4.1)	GPL21145	Ehsan,,Pishva	e.pishva@maastrichtuniversity.nl	Dementia Systems Biology Group	Psychiatry and Neuropsychology	Maastricht University	Universiteitssingel 40	Maastricht	Limburg	6229 ER	Netherlands	ftp://ftp.ncbi.nlm.nih.gov/geo/samples/GSM9195nnn/GSM9195182/suppl/GSM9195182_206513950194_R03C01_Grn.idat.gz	ftp://ftp.ncbi.nlm.nih.gov/geo/samples/GSM9195nnn/GSM9195182/suppl/GSM9195182_206513950194_R03C01_Red.idat.gz	0	Microglia	Male	Brain (Cingulate Gyrus)
Oligodendrocytes_healthy_20100742	GSM9195183	Public on Aug 23 2025	Aug 22 2025	Aug 23 2025	genomic	1	Brain (Cingulate Gyrus)	Homo sapiens	Sex: Male	tissue: Brain (Cingulate Gyrus)	cell type: Oligodendrocytes	genomic DNA	Phenol-chloroform DNA extraction	Cy3 and Cy5	Illumina Infinium protocol	9606	Illumina Infinium protocol	Illumina Infinium protocol scanned using Illumina HIScan System	206513950194_R04C01	wateRmelon package (v2.10.0) in R environment (v4.4.1)	GPL21145	Ehsan,,Pishva	e.pishva@maastrichtuniversity.nl	Dementia Systems Biology Group	Psychiatry and Neuropsychology	Maastricht University	Universiteitssingel 40	Maastricht	Limburg	6229 ER	Netherlands	ftp://ftp.ncbi.nlm.nih.gov/geo/samples/GSM9195nnn/GSM9195183/suppl/GSM9195183_206513950194_R04C01_Grn.idat.gz	ftp://ftp.ncbi.nlm.nih.gov/geo/samples/GSM9195nnn/GSM9195183/suppl/GSM9195183_206513950194_R04C01_Red.idat.gz	0	Oligodendrocytes	Male	Brain (Cingulate Gyrus)
Astrocytes_healthy_20100742	GSM9195184	Public on Aug 23 2025	Aug 22 2025	Aug 23 2025	genomic	1	Brain (Cingulate Gyrus)	Homo sapiens	Sex: Male	tissue: Brain (Cingulate Gyrus)	cell type: Astrocytes	genomic DNA	Phenol-chloroform DNA extraction	Cy3 and Cy5	Illumina Infinium protocol	9606	Illumina Infinium protocol	Illumina Infinium protocol scanned using Illumina HIScan System	206513950194_R05C01	wateRmelon package (v2.10.0) in R environment (v4.4.1)	GPL21145	Ehsan,,Pishva	e.pishva@maastrichtuniversity.nl	Dementia Systems Biology Group	Psychiatry and Neuropsychology	Maastricht University	Universiteitssingel 40	Maastricht	Limburg	6229 ER	Netherlands	ftp://ftp.ncbi.nlm.nih.gov/geo/samples/GSM9195nnn/GSM9195184/suppl/GSM9195184_206513950194_R05C01_Grn.idat.gz	ftp://ftp.ncbi.nlm.nih.gov/geo/samples/GSM9195nnn/GSM9195184/suppl/GSM9195184_206513950194_R05C01_Red.idat.gz	0	Astrocytes	Male	Brain (Cingulate Gyrus)
Oligodendrocytes_healthy_20196910	GSM9195185	Public on Aug 23 2025	Aug 22 2025	Aug 23 2025	genomic	1	Brain (Cingulate Gyrus)	Homo sapiens	Sex: Male	tissue: Brain (Cingulate Gyrus)	cell type: Oligodendrocytes	genomic DNA	Phenol-chloroform DNA extraction	Cy3 and Cy5	Illumina Infinium protocol	9606	Illumina Infinium protocol	Illumina Infinium protocol scanned using Illumina HIScan System	206513950198_R01C01	wateRmelon package (v2.10.0) in R environment (v4.4.1)	GPL21145	Ehsan,,Pishva	e.pishva@maastrichtuniversity.nl	Dementia Systems Biology Group	Psychiatry and Neuropsychology	Maastricht University	Universiteitssingel 40	Maastricht	Limburg	6229 ER	Netherlands	ftp://ftp.ncbi.nlm.nih.gov/geo/samples/GSM9195nnn/GSM9195185/suppl/GSM9195185_206513950198_R01C01_Grn.idat.gz	ftp://ftp.ncbi.nlm.nih.gov/geo/samples/GSM9195nnn/GSM9195185/suppl/GSM9195185_206513950198_R01C01_Red.idat.gz	0	Oligodendrocytes	Male	Brain (Cingulate Gyrus)
Neurons_healthy_20196910	GSM9195186	Public on Aug 23 2025	Aug 22 2025	Aug 23 2025	genomic	1	Brain (Cingulate Gyrus)	Homo sapiens	Sex: Male	tissue: Brain (Cingulate Gyrus)	cell type: Neurons	genomic DNA	Phenol-chloroform DNA extraction	Cy3 and Cy5	Illumina Infinium protocol	9606	Illumina Infinium protocol	Illumina Infinium protocol scanned using Illumina HIScan System	206513950198_R03C01	wateRmelon package (v2.10.0) in R environment (v4.4.1)	GPL21145	Ehsan,,Pishva	e.pishva@maastrichtuniversity.nl	Dementia Systems Biology Group	Psychiatry and Neuropsychology	Maastricht University	Universiteitssingel 40	Maastricht	Limburg	6229 ER	Netherlands	ftp://ftp.ncbi.nlm.nih.gov/geo/samples/GSM9195nnn/GSM9195186/suppl/GSM9195186_206513950198_R03C01_Grn.idat.gz	ftp://ftp.ncbi.nlm.nih.gov/geo/samples/GSM9195nnn/GSM9195186/suppl/GSM9195186_206513950198_R03C01_Red.idat.gz	0	Neurons	Male	Brain (Cingulate Gyrus)
Microglia_healthy_20196910	GSM9195187	Public on Aug 23 2025	Aug 22 2025	Aug 23 2025	genomic	1	Brain (Cingulate Gyrus)	Homo sapiens	Sex: Male	tissue: Brain (Cingulate Gyrus)	cell type: Microglia	genomic DNA	Phenol-chloroform DNA extraction	Cy3 and Cy5	Illumina Infinium protocol	9606	Illumina Infinium protocol	Illumina Infinium protocol scanned using Illumina HIScan System	206513950198_R04C01	wateRmelon package (v2.10.0) in R environment (v4.4.1)	GPL21145	Ehsan,,Pishva	e.pishva@maastrichtuniversity.nl	Dementia Systems Biology Group	Psychiatry and Neuropsychology	Maastricht University	Universiteitssingel 40	Maastricht	Limburg	6229 ER	Netherlands	ftp://ftp.ncbi.nlm.nih.gov/geo/samples/GSM9195nnn/GSM9195187/suppl/GSM9195187_206513950198_R04C01_Grn.idat.gz	ftp://ftp.ncbi.nlm.nih.gov/geo/samples/GSM9195nnn/GSM9195187/suppl/GSM9195187_206513950198_R04C01_Red.idat.gz	0	Microglia	Male	Brain (Cingulate Gyrus)
Astrocytes_healthy_20196910	GSM9195188	Public on Aug 23 2025	Aug 22 2025	Aug 23 2025	genomic	1	Brain (Cingulate Gyrus)	Homo sapiens	Sex: Male	tissue: Brain (Cingulate Gyrus)	cell type: Astrocytes	genomic DNA	Phenol-chloroform DNA extraction	Cy3 and Cy5	Illumina Infinium protocol	9606	Illumina Infinium protocol	Illumina Infinium protocol scanned using Illumina HIScan System	206513950198_R07C01	wateRmelon package (v2.10.0) in R environment (v4.4.1)	GPL21145	Ehsan,,Pishva	e.pishva@maastrichtuniversity.nl	Dementia Systems Biology Group	Psychiatry and Neuropsychology	Maastricht University	Universiteitssingel 40	Maastricht	Limburg	6229 ER	Netherlands	ftp://ftp.ncbi.nlm.nih.gov/geo/samples/GSM9195nnn/GSM9195188/suppl/GSM9195188_206513950198_R07C01_Grn.idat.gz	ftp://ftp.ncbi.nlm.nih.gov/geo/samples/GSM9195nnn/GSM9195188/suppl/GSM9195188_206513950198_R07C01_Red.idat.gz	0	Astrocytes	Male	Brain (Cingulate Gyrus)
